property_id,property_type,title,city,locality,price_lakhs,area_sqft,rooms,age,amenities,furnishing,purpose,land_type,road_access,corner_plot,description,owner_name,owner_phone
PROP-101,House / Apartment,Sunrise Heights 3BHK Luxury Flat,Bangalore,Koramangala,95.0,1450,3.0,3,gym;lift;parking;pool;security,Semi-Furnished,Self Use,Residential,Available,No,Spacious 3BHK apartment with premium modular kitchen and balcony overlooking lush greenery.,Demo Contact - Fictional Seller,+91 99999 00001 (Demo)
PROP-102,House / Apartment,Greenwood Garden 2BHK Apartment,Bangalore,Indiranagar,78.0,1100,2.0,6,garden;lift;parking;security,Furnished,Self Use,Residential,Available,No,Well-ventilated 2BHK home in prime Indiranagar location close to metro and cafes.,Demo Contact - Fictional Seller,+91 99999 00002 (Demo)
PROP-103,House / Apartment,TechZone Skyline 3BHK Suite,Bangalore,Whitefield,82.0,1350,3.0,2,gym;lift;parking;pool;security,Unfurnished,Investment,Residential,Available,No,Modern high-rise 3BHK apartment ideal for IT professionals working in EPIP zone.,Demo Contact - Fictional Seller,+91 99999 00003 (Demo)
PROP-104,House / Apartment,Marine Crest Sea View 3BHK,Mumbai,Bandra,185.0,1600,3.0,8,gym;lift;parking;pool;security,Furnished,Self Use,Residential,Available,No,Premium sea-view residence in Bandra West with luxury amenities and reserved parking.,Demo Contact - Fictional Seller,+91 99999 00004 (Demo)
PROP-105,House / Apartment,Royal Palm 2BHK Flat,Mumbai,Andheri,110.0,950,2.0,12,lift;parking;security,Semi-Furnished,Rental,Residential,Available,No,Centrally located 2BHK flat near metro station and commercial business hub.,Demo Contact - Fictional Seller,+91 99999 00005 (Demo)
PROP-106,House / Apartment,Cyber Heights 3BHK Residence,Hyderabad,Hitec City,88.0,1500,3.0,4,garden;gym;lift;parking;pool;security,Semi-Furnished,Self Use,Residential,Available,No,Contemporary 3BHK apartment in gated society with world-class clubhouse.,Demo Contact - Fictional Seller,+91 99999 00006 (Demo)
PROP-107,House / Apartment,Jubilee Elite 4BHK Penthouse,Hyderabad,Jubilee Hills,165.0,2400,4.0,5,garden;gym;lift;parking;pool;security,Furnished,Investment,Residential,Available,No,Ultra-luxurious 4BHK penthouse with private terrace garden in prestigious Jubilee Hills.,Demo Contact - Fictional Seller,+91 99999 00007 (Demo)
PROP-108,House / Apartment,Vasant Enclave 3BHK Builder Floor,Delhi,Vasant Kunj,140.0,1700,3.0,10,garden;parking;security,Semi-Furnished,Self Use,Residential,Available,No,Independent builder floor with wide road parking and dedicated terrace rights.,Demo Contact - Fictional Seller,+91 99999 00008 (Demo)
PROP-109,House / Apartment,Connaught Regency 2BHK Apartment,Delhi,Central Delhi,125.0,1050,2.0,15,lift;parking;security,Furnished,Rental,Residential,Available,No,Heritage style renovated 2BHK flat near Connaught Place business center.,Demo Contact - Fictional Seller,+91 99999 00009 (Demo)
PROP-110,House / Apartment,Koregaon Park Vista 3BHK Flat,Pune,Koregaon Park,85.0,1400,3.0,7,garden;gym;lift;parking;pool;security,Furnished,Self Use,Residential,Available,No,Charming 3BHK apartment in tree-lined street near popular dining destinations.,Demo Contact - Fictional Seller,+91 99999 00010 (Demo)
PROP-111,House / Apartment,Hinjawadi Blossom 2BHK Flat,Pune,Hinjawadi,52.0,900,2.0,1,gym;lift;parking;security,Unfurnished,Investment,Residential,Available,No,Affordable 2BHK smart home in Hinjawadi Phase 1 close to major software campuses.,Demo Contact - Fictional Seller,+91 99999 00011 (Demo)
PROP-112,House / Apartment,Marina Bay View 3BHK Apartment,Chennai,Adyar,92.0,1550,3.0,6,garden;lift;parking;security,Semi-Furnished,Self Use,Residential,Available,No,Serene coastal 3BHK residence located in prime Adyar residential neighborhood.,Demo Contact - Fictional Seller,+91 99999 00012 (Demo)
PROP-113,House / Apartment,Salt Lake Garden 3BHK Home,Kolkata,Salt Lake,68.0,1300,3.0,14,garden;lift;parking;security,Semi-Furnished,Self Use,Residential,Available,No,Spacious 3BHK flat in planned sector of Salt Lake with peaceful green surroundings.,Demo Contact - Fictional Seller,+91 99999 00013 (Demo)
PROP-114,House / Apartment,SG Highway Premium 3BHK Flat,Ahmedabad,SG Highway,62.0,1450,3.0,4,garden;gym;lift;parking;security,Semi-Furnished,Self Use,Residential,Available,No,Modern 3BHK flat on SG Highway with fast access to city center and schools.,Demo Contact - Fictional Seller,+91 99999 00014 (Demo)
PROP-115,Land / Plot,Green Meadows Villa Plot,Bangalore,Sarjapur Road,65.0,2400,,0,,,Self Use,Residential,Required,Preferred,Gated community BDA approved residential villa plot with 40ft wide road access.,Demo Contact - Fictional Seller,+91 99999 00015 (Demo)
PROP-116,Land / Plot,Cybertech Commercial Plot,Hyderabad,Gachibowli,150.0,3500,,0,,,Investment,Commercial,Required,Not Required,Prime commercial plot near financial district ideal for office or retail venture.,Demo Contact - Fictional Seller,+91 99999 00016 (Demo)
PROP-117,Land / Plot,Wakad Valley Residential Plot,Pune,Wakad,58.0,1800,,0,,,Self Use,Residential,Required,Preferred,East-facing corner residential plot with water and power connectivity.,Demo Contact - Fictional Seller,+91 99999 00017 (Demo)
PROP-118,Land / Plot,Airport Corridor Agro Plot,Chennai,GST Road,45.0,4000,,0,,,Investment,Agricultural,Required,Not Required,Fertile agricultural plot near GST highway corridor with clear title deeds.,Demo Contact - Fictional Seller,+91 99999 00018 (Demo)
