rooms,area_sqft,location,age,amenities,price
1.0,866.0,Mumbai,7.0,gym,5706100.99
5.0,1616.0,Hyderabad,42.0,lift,7532947.49
4.0,1215.6,Pune,43.0,"lift,parking,pool",4391935.2
3.0,1072.7,Bangalore,37.0,,4283332.62
3.0,1152.2,Kolkata,54.0,gym,3768197.04
6.0,1300.4,Kolkata,0.0,,3656241.88
1.0,1477.6,Chennai,18.0,,4828863.19
5.0,750.1,Hyderabad,11.0,garden,2747318.84
2.0,731.3,Mumbai,34.0,parking,4333283.21
1.0,1697.1,Kolkata,38.0,pool,3957759.13
4.0,1014.4,Ahmedabad,53.0,"gym,lift,pool,security",3013256.88
6.0,562.4,Hyderabad,22.0,"lift,parking,pool,security",2127654.48
5.0,1399.7,Chennai,14.0,,5172865.96
5.0,1408.5,Kolkata,,"garden,security",5257895.62
5.0,511.2,Pune,40.0,,2166991.52
5.0,1303.3,Delhi,45.0,"garden,lift",8389353.54
4.0,1531.0,Pune,26.0,"garden,parking,pool",7614558.28
1.0,1368.5,Ahmedabad,26.0,,4311673.51
6.0,1484.4,Kolkata,23.0,"gym,lift,pool,security",4525930.58
3.0,568.1,Hyderabad,,"gym,parking,pool,security",2045985.58
4.0,,Chennai,12.0,gym,5360285.13
3.0,1063.8,Bangalore,58.0,"gym,lift",5536210.12
2.0,982.7,Pune,10.0,"garden,gym,parking,security",4823246.06
6.0,1591.8,Delhi,27.0,"lift,pool",8214230.08
5.0,,Bangalore,,"garden,lift,parking,pool",11304311.46
4.0,2007.5,Bangalore,38.0,pool,11704861.9
3.0,1791.7,Bangalore,40.0,"garden,parking,pool,security",10730449.77
5.0,1150.6,Bangalore,55.0,"garden,gym,security",5558470.3
4.0,1358.7,Mumbai,,,7016416.03
3.0,,Pune,14.0,"garden,gym,parking",5809918.24
3.0,1254.5,Hyderabad,12.0,"lift,parking,pool,security",4883419.01
2.0,1258.8,Ahmedabad,53.0,"garden,gym,lift,parking",4297796.97
1.0,1570.7,Delhi,29.0,,8369701.6
4.0,1173.3,Pune,5.0,"gym,lift,parking,security",3932570.3
6.0,871.8,Delhi,49.0,,4148654.81
1.0,1013.5,Chennai,38.0,"garden,security",3643329.66
6.0,1485.3,Hyderabad,1.0,lift,5188951.53
5.0,1201.3,Hyderabad,46.0,,4260558.15
2.0,1353.1,Pune,36.0,,4813619.74
4.0,1501.5,Kolkata,36.0,,4066383.14
1.0,1031.3,Bangalore,51.0,"lift,parking,pool,security",4938172.98
5.0,1540.3,Kolkata,29.0,,5279745.97
5.0,1370.5,Delhi,27.0,pool,6182688.47
3.0,644.3,Bangalore,37.0,"garden,gym",2806146.56
1.0,1849.0,Bangalore,11.0,"parking,pool",10240738.05
6.0,974.7,Ahmedabad,9.0,"gym,pool",3109526.24
3.0,455.2,Mumbai,50.0,"garden,gym,lift,pool",1891673.17
6.0,729.7,Hyderabad,12.0,gym,2142207.61
5.0,740.5,Hyderabad,30.0,"gym,lift",2532171.22
5.0,1223.5,Kolkata,16.0,"parking,pool",3320554.35
5.0,1076.8,Hyderabad,13.0,,3717793.65
2.0,1048.4,Ahmedabad,35.0,"gym,lift,pool,security",4606201.45
3.0,1478.9,Pune,,"gym,security",4717046.0
3.0,1352.9,Pune,26.0,gym,5133238.34
3.0,1342.2,Kolkata,8.0,lift,5753533.23
1.0,1384.4,Delhi,14.0,,7314601.28
4.0,1477.3,Hyderabad,9.0,"gym,lift,parking,security",6010292.65
1.0,300.0,Chennai,52.0,"lift,pool,security",823418.71
5.0,1036.0,Delhi,19.0,pool,5507390.84
5.0,300.0,Mumbai,22.0,,2103371.26
6.0,1216.2,Delhi,4.0,pool,6160579.54
5.0,1197.9,Kolkata,26.0,"garden,gym",3463265.48
3.0,1670.5,Pune,54.0,parking,5179094.49
6.0,1734.4,Bangalore,24.0,,8256006.36
3.0,1291.2,Pune,39.0,lift,4048394.63
2.0,974.8,Pune,10.0,"garden,gym,parking,pool",4034465.45
6.0,1418.3,Kolkata,8.0,"garden,gym,lift",4212244.34
3.0,962.4,Ahmedabad,43.0,"lift,pool,security",3659511.76
1.0,,Ahmedabad,3.0,"garden,lift,security",3885699.03
3.0,1643.8,Delhi,26.0,,8889020.4
5.0,949.0,Kolkata,19.0,"lift,pool,security",2494556.16
2.0,1562.6,Hyderabad,0.0,"garden,pool,security",6716144.16
3.0,1504.8,Hyderabad,31.0,"garden,lift",4901223.35
1.0,770.3,Pune,57.0,"gym,pool",2752663.76
5.0,1638.3,Chennai,4.0,pool,8498858.56
3.0,1514.4,Hyderabad,48.0,,6401987.75
2.0,1245.9,Ahmedabad,32.0,"garden,lift,pool,security",4200636.0
2.0,857.0,Delhi,43.0,"garden,lift",7044700.45
4.0,813.4,Mumbai,5.0,"lift,parking,pool",4939759.9
5.0,958.1,Mumbai,52.0,"garden,parking,pool,security",7028386.03
6.0,1444.2,Kolkata,0.0,"lift,parking,pool",4105517.5
3.0,770.0,Hyderabad,54.0,,2458784.62
1.0,1396.9,Hyderabad,39.0,"gym,lift,parking,pool",4522299.82
5.0,641.2,Pune,20.0,"gym,lift,pool,security",2753492.79
4.0,1108.2,Hyderabad,0.0,"garden,gym,pool,security",4963243.47
5.0,1249.3,Chennai,36.0,parking,4331877.17
1.0,2300.3,Mumbai,,"gym,parking",17859532.24
2.0,580.2,Delhi,36.0,"gym,lift,pool",2606159.34
5.0,1862.4,Ahmedabad,46.0,"parking,pool",6538277.02
5.0,1267.4,Hyderabad,16.0,"gym,parking,pool,security",5944180.91
3.0,1385.0,Delhi,14.0,"garden,parking,pool,security",6601395.41
5.0,1253.3,Bangalore,13.0,"gym,parking,pool,security",6037328.13
6.0,1400.1,Bangalore,13.0,"garden,parking,security",7385116.26
3.0,1130.8,Bangalore,6.0,pool,6361277.16
6.0,1854.3,Bangalore,14.0,"garden,gym,lift",12008490.07
2.0,994.6,Pune,39.0,"garden,gym,lift,pool",4072468.97
2.0,1709.5,Mumbai,18.0,"gym,lift,parking,pool",11041118.59
5.0,910.0,Bangalore,46.0,"garden,parking,pool",3733794.18
4.0,1172.9,Hyderabad,49.0,gym,4559838.88
1.0,717.6,Chennai,45.0,,2342480.48
5.0,1404.8,Ahmedabad,32.0,"garden,gym,lift,parking",4677840.8
2.0,1850.3,Ahmedabad,18.0,"parking,security",6184920.12
5.0,1165.2,Bangalore,55.0,,5618182.17
1.0,1111.4,Chennai,12.0,"garden,gym,lift,parking",4032788.34
5.0,698.4,Mumbai,27.0,"garden,gym,pool,security",3986027.04
5.0,1096.8,Chennai,27.0,,4179107.35
5.0,483.2,Delhi,44.0,"gym,lift,parking,pool",1395736.92
4.0,789.2,Mumbai,32.0,"garden,lift,parking,security",4410737.27
3.0,1302.1,Pune,47.0,"lift,security",4161717.9
5.0,1793.6,Delhi,55.0,,10503068.1
2.0,2464.1,Hyderabad,23.0,"garden,security",9005740.32
5.0,936.0,Mumbai,52.0,gym,4854925.03
4.0,1845.9,Pune,10.0,"gym,lift,parking,pool",8000323.67
3.0,1309.7,Kolkata,54.0,,3601159.37
4.0,1131.9,Chennai,10.0,"lift,parking,security",4433372.26
4.0,1394.7,Kolkata,51.0,"garden,gym,parking",4329859.24
1.0,1227.9,Hyderabad,23.0,"gym,lift,parking,security",4787628.58
1.0,1249.7,Delhi,57.0,,6065913.1
2.0,1016.3,Delhi,,"garden,pool",4755943.72
1.0,570.9,Delhi,27.0,"gym,parking,pool",2634602.88
3.0,505.4,Delhi,54.0,"garden,pool,security",2156532.91
5.0,1494.0,Bangalore,2.0,,7616532.65
4.0,1075.5,Delhi,15.0,"gym,lift,parking,pool",4858528.06
3.0,931.8,Chennai,5.0,,4063916.84
6.0,1203.8,Delhi,19.0,"gym,parking,pool",7024101.07
4.0,1557.7,Chennai,23.0,,6348030.03
1.0,1281.2,Bangalore,37.0,"garden,gym,lift,pool",6865745.34
5.0,904.8,Pune,15.0,"garden,parking,security",4125079.99
4.0,1751.8,Chennai,9.0,,8982574.72
4.0,1910.6,Ahmedabad,10.0,"lift,pool",6502886.31
4.0,1422.6,Hyderabad,56.0,lift,4249264.15
4.0,1638.1,Bangalore,57.0,"gym,parking,pool",6604929.19
1.0,1758.9,Chennai,13.0,security,8297196.1
4.0,1708.5,Pune,11.0,gym,9310378.24
5.0,1476.3,Hyderabad,3.0,"parking,pool",5243620.45
2.0,1469.3,Chennai,57.0,security,4493199.23
4.0,1433.8,Hyderabad,42.0,security,5013252.63
1.0,706.2,Bangalore,45.0,"gym,parking,security",3869946.74
3.0,,Bangalore,17.0,"garden,gym,parking,pool",6706458.89
3.0,589.9,Ahmedabad,38.0,"gym,lift,pool,security",1316073.44
6.0,842.4,Pune,3.0,,4630806.57
2.0,1786.6,Mumbai,40.0,,12108443.23
2.0,1578.1,Ahmedabad,34.0,"garden,lift,parking",5668577.58
3.0,1869.3,Pune,19.0,"garden,lift,pool,security",7892291.52
6.0,1077.7,Mumbai,42.0,gym,6701477.04
6.0,681.5,Pune,38.0,"gym,lift,parking,pool",2105005.42
1.0,1091.8,Chennai,26.0,"garden,gym,lift,parking",3792990.14
2.0,1245.9,Ahmedabad,11.0,"lift,pool,security",4512593.63
5.0,1235.5,Hyderabad,1.0,,3551774.09
1.0,1710.2,Chennai,56.0,"lift,security",5637973.28
6.0,1037.4,Bangalore,16.0,"parking,pool",4988076.38
2.0,1358.4,Bangalore,18.0,"garden,gym",6543204.4
6.0,755.1,Chennai,40.0,"gym,parking,pool",2547245.35
2.0,1402.6,Kolkata,15.0,gym,3900025.02
3.0,1201.4,Ahmedabad,22.0,"garden,lift,parking,security",3250195.43
4.0,862.6,Kolkata,42.0,,2494433.3
1.0,1093.9,Chennai,35.0,"gym,parking,pool",3798839.05
4.0,1117.1,Chennai,39.0,,3323380.62
4.0,1078.4,Bangalore,0.0,"lift,parking",5435552.46
5.0,1997.1,Kolkata,,"gym,parking,pool,security",6628965.8
6.0,1155.7,Bangalore,28.0,,5151175.34
,1090.2,Bangalore,37.0,parking,3636639.15
3.0,300.0,Kolkata,9.0,"garden,pool,security",1036862.11
3.0,797.6,Chennai,9.0,,2432775.11
3.0,1081.6,Bangalore,45.0,security,5150617.15
5.0,891.4,Kolkata,40.0,,2581790.33
2.0,1821.8,Ahmedabad,48.0,,5510924.92
2.0,1125.8,Bangalore,16.0,"gym,security",6649421.51
3.0,1779.8,Chennai,59.0,pool,6830490.9
1.0,1227.8,Hyderabad,16.0,,5530925.26
1.0,,Pune,39.0,"parking,pool,security",5083765.92
1.0,1160.0,Ahmedabad,9.0,,3861647.93
5.0,1201.7,Chennai,55.0,"garden,gym,parking",3300369.93
5.0,1973.5,Kolkata,19.0,"gym,lift,parking",6417961.59
5.0,300.0,Chennai,48.0,"gym,parking,pool,security",578760.65
3.0,300.0,Ahmedabad,19.0,"garden,security",987984.37
5.0,955.6,Hyderabad,47.0,,3097923.96
1.0,1206.5,Hyderabad,27.0,"garden,lift,parking,pool",5143679.47
6.0,,Hyderabad,,"garden,lift,pool",6714550.3
4.0,1412.9,Ahmedabad,11.0,,5294605.84
6.0,1027.1,Chennai,41.0,"garden,security",3850217.73
1.0,1658.6,Delhi,11.0,"gym,security",10085517.79
3.0,1663.6,Mumbai,16.0,,7754975.68
5.0,1282.8,Chennai,32.0,"parking,security",3700059.0
3.0,1633.2,Kolkata,15.0,,3482142.75
3.0,1322.7,Hyderabad,7.0,"lift,parking,pool,security",6340487.24
1.0,947.3,Chennai,37.0,"gym,lift,parking,pool",3920886.98
3.0,1514.0,Kolkata,41.0,"garden,gym,lift,security",5710664.25
2.0,1249.8,Chennai,43.0,,3734409.44
2.0,1200.6,Ahmedabad,56.0,,3327648.81
5.0,1862.8,Pune,7.0,"parking,security",7709300.99
,300.0,Pune,25.0,,1386881.87
4.0,,Kolkata,14.0,"garden,gym,parking,security",2390807.24
3.0,665.8,Pune,54.0,"lift,pool",2482508.83
6.0,1036.5,Mumbai,32.0,"garden,parking,pool",6758095.72
1.0,1085.4,Hyderabad,5.0,"gym,parking,pool",5483557.1
3.0,,Delhi,41.0,,2022272.74
1.0,,Chennai,2.0,"gym,lift,pool",2690013.14
3.0,812.6,Delhi,16.0,,4064871.48
6.0,2305.8,Chennai,43.0,garden,7039414.31
3.0,2010.8,Bangalore,30.0,"garden,lift,pool",10276346.27
6.0,1014.7,Mumbai,45.0,"lift,parking,pool,security",5472719.05
3.0,1036.4,Mumbai,34.0,"garden,parking",7469917.31
5.0,682.9,Chennai,50.0,"lift,pool,security",2345675.57
3.0,,Mumbai,33.0,"gym,lift,pool,security",2449916.26
2.0,1147.4,Kolkata,3.0,"garden,parking,pool,security",3153494.36
5.0,751.0,Kolkata,4.0,"garden,gym,lift,security",3381624.49
,1161.8,Pune,46.0,gym,3487604.81
2.0,479.9,Delhi,2.0,"gym,lift,parking,security",2170650.54
5.0,857.1,Kolkata,22.0,"garden,parking,pool,security",2421473.57
2.0,1266.9,Pune,0.0,lift,6231194.1
5.0,1364.8,Hyderabad,,"gym,pool",5640157.88
5.0,1387.9,Mumbai,35.0,"lift,parking",8433657.92
3.0,605.8,Chennai,10.0,,2018062.17
5.0,,Kolkata,27.0,"parking,pool",4052690.49
2.0,839.9,Mumbai,59.0,"parking,pool",5668703.23
1.0,1484.8,Mumbai,4.0,parking,10781816.34
1.0,1195.2,Hyderabad,3.0,,5467574.29
3.0,580.6,Chennai,16.0,lift,2239920.59
,1057.7,Hyderabad,49.0,"gym,parking,pool",2672034.19
1.0,1364.4,Hyderabad,24.0,"garden,lift,parking",4498532.18
3.0,1475.8,Bangalore,38.0,parking,7528799.9
5.0,1136.6,Mumbai,2.0,"garden,pool",7150409.6
2.0,1889.3,Mumbai,44.0,"garden,gym,parking,pool",11595010.26
5.0,1653.4,Mumbai,4.0,"garden,gym,lift,parking",9803133.01
,,Pune,42.0,,4960746.86
5.0,1537.6,Kolkata,8.0,garden,5295433.68
4.0,2070.2,Hyderabad,51.0,"gym,security",8498972.19
4.0,2082.2,Mumbai,17.0,,11604525.86
2.0,647.4,Hyderabad,11.0,"garden,gym,parking,pool",2729208.12
3.0,783.1,Ahmedabad,20.0,"gym,parking",2202059.49
6.0,1868.2,Delhi,0.0,"garden,lift,parking,security",10809911.22
1.0,723.8,Hyderabad,9.0,lift,1866067.17
5.0,604.9,Chennai,35.0,,1476592.61
3.0,981.2,Bangalore,18.0,parking,4599485.37
5.0,1389.1,Hyderabad,21.0,"garden,gym,pool",7638772.74
4.0,1153.9,Hyderabad,48.0,"gym,lift,parking,pool",3515502.96
,907.2,Hyderabad,7.0,lift,2750426.09
2.0,896.6,Pune,23.0,parking,3443007.2
4.0,879.4,Chennai,11.0,"gym,lift,pool",4390844.02
1.0,804.2,Mumbai,28.0,"garden,lift,pool",5511072.58
4.0,,Mumbai,19.0,"lift,parking,pool",16894699.47
1.0,1333.9,Hyderabad,2.0,"lift,parking,pool,security",5531284.03
4.0,1599.0,Ahmedabad,4.0,,4941537.84
4.0,,Mumbai,51.0,,5291220.06
1.0,1116.3,Mumbai,3.0,,6351903.89
5.0,878.9,Pune,46.0,"gym,lift,parking,security",3825698.2
3.0,300.0,Hyderabad,54.0,"garden,gym,parking",509551.95
5.0,579.9,Delhi,27.0,"garden,lift,parking",3424037.54
1.0,385.2,Delhi,18.0,"gym,pool",1871654.55
2.0,300.0,Pune,46.0,,909558.88
3.0,662.1,Chennai,58.0,"garden,security",1434519.22
2.0,1796.2,Pune,7.0,"parking,pool",6568157.33
2.0,1180.0,Bangalore,57.0,"garden,gym",6405248.6
4.0,1780.8,Chennai,56.0,"garden,gym,pool,security",6552369.95
1.0,,Kolkata,8.0,"parking,pool",4797467.71
5.0,1552.2,Bangalore,3.0,"garden,gym,lift,parking",7325198.62
1.0,794.6,Hyderabad,42.0,,2699164.65
2.0,1435.8,Delhi,4.0,"garden,parking",6445490.27
4.0,1527.9,Pune,36.0,security,6010460.26
5.0,940.5,Mumbai,3.0,"parking,pool,security",6733787.61
2.0,1451.8,Delhi,41.0,"garden,gym,lift,security",8364757.21
2.0,1454.8,Pune,13.0,,4931411.07
6.0,952.7,Mumbai,5.0,"garden,parking,pool,security",6327494.24
6.0,694.8,Ahmedabad,3.0,garden,2526930.95
4.0,667.1,Hyderabad,11.0,"garden,lift,pool",2545950.01
3.0,1238.9,Hyderabad,32.0,"garden,gym,lift",4873761.49
3.0,1347.2,Chennai,4.0,,6614679.2
4.0,843.4,Pune,48.0,"gym,parking,security",2757505.26
4.0,1212.0,Hyderabad,36.0,"gym,lift,pool,security",5757450.08
2.0,1456.7,Ahmedabad,17.0,,4101514.04
1.0,1478.2,Ahmedabad,59.0,"gym,pool",5167024.46
1.0,1898.3,Delhi,39.0,,10522578.75
6.0,1774.6,Pune,40.0,pool,6335188.73
3.0,749.4,Bangalore,10.0,"garden,parking,pool",3277279.76
3.0,1957.6,Ahmedabad,42.0,"garden,gym,security",4978802.47
3.0,961.1,Bangalore,33.0,,3923960.16
5.0,1670.2,Bangalore,59.0,"garden,gym,lift,pool",9056830.62
1.0,,Pune,28.0,"lift,parking,pool",4657916.51
1.0,1014.5,Kolkata,40.0,"lift,parking,pool,security",3225273.29
2.0,386.5,Delhi,20.0,"garden,lift,parking",1367909.62
3.0,1122.8,Chennai,2.0,garden,3906161.33
5.0,498.3,Bangalore,7.0,,2075172.87
,,Chennai,52.0,,5671243.98
3.0,1882.6,Chennai,44.0,,6003110.23
6.0,841.4,Ahmedabad,21.0,lift,2408591.1
1.0,1335.9,Ahmedabad,41.0,"garden,gym,lift",4160315.38
4.0,873.6,Pune,0.0,"lift,parking,security",3318252.21
4.0,917.2,Pune,2.0,"garden,gym,lift,parking",3358800.66
3.0,1548.5,Ahmedabad,30.0,"garden,gym,pool,security",6514397.44
5.0,1182.7,Delhi,37.0,lift,5736346.44
,1982.8,Pune,,"garden,gym,lift,security",6046405.52
6.0,983.0,Kolkata,,"pool,security",2610332.87
2.0,1649.7,Delhi,15.0,,9709365.37
4.0,1243.8,Ahmedabad,48.0,"lift,pool,security",3884371.91
4.0,1558.1,Pune,29.0,garden,7789243.04
6.0,998.8,Bangalore,49.0,,3924066.0
3.0,1177.7,Hyderabad,10.0,,4870079.63
2.0,,Hyderabad,1.0,,5350096.86
1.0,823.8,Ahmedabad,3.0,"pool,security",3095942.29
3.0,1497.9,Ahmedabad,59.0,,3778946.73
5.0,1492.6,Kolkata,4.0,gym,4259496.25
1.0,1467.1,Pune,56.0,,6463747.54
6.0,1891.6,Mumbai,43.0,"lift,security",10555833.05
4.0,1852.2,Ahmedabad,,"parking,pool",7542892.62
1.0,1031.3,Delhi,51.0,,4496608.25
2.0,1367.9,Delhi,8.0,,7204074.26
4.0,919.4,Mumbai,8.0,"garden,lift,pool,security",5435476.07
2.0,1210.5,Ahmedabad,34.0,"gym,lift,parking,security",3685000.98
1.0,930.1,Hyderabad,17.0,"garden,lift",3292087.61
4.0,,Delhi,17.0,lift,10475425.07
5.0,1363.7,Mumbai,11.0,"garden,lift,parking,pool",9608863.68
1.0,1101.9,Hyderabad,36.0,,4665985.9
2.0,1737.1,Pune,1.0,,6383322.24
2.0,300.0,Ahmedabad,14.0,,701972.92
4.0,300.0,Chennai,33.0,"garden,gym,parking,pool",955113.89
5.0,1558.1,Chennai,29.0,"garden,lift,security",5041003.31
5.0,1227.2,Kolkata,41.0,"gym,parking,security",4708564.1
6.0,1312.7,Ahmedabad,12.0,gym,4272372.8
5.0,603.1,Bangalore,38.0,,2493654.36
2.0,1189.5,Ahmedabad,45.0,garden,3820988.05
1.0,2101.6,Chennai,23.0,"garden,lift,parking,pool",8125055.4
4.0,,Ahmedabad,,"garden,lift,parking,security",4445855.64
6.0,1276.4,Mumbai,33.0,gym,6499598.68
6.0,1002.4,Mumbai,34.0,"garden,lift,pool",7675991.82
2.0,1022.4,Ahmedabad,5.0,"gym,parking,pool,security",3630019.51
2.0,300.0,Pune,33.0,"garden,gym,lift,pool",692913.62
1.0,1315.9,Delhi,9.0,gym,7439375.53
1.0,1580.5,Ahmedabad,34.0,"garden,gym,lift",4944830.42
,491.0,Mumbai,55.0,,2050388.05
4.0,902.4,Pune,32.0,pool,3107435.78
3.0,679.1,Delhi,45.0,,3383276.35
2.0,765.6,Mumbai,18.0,"gym,lift,pool",3691384.52
5.0,1224.1,Kolkata,55.0,lift,3126882.13
3.0,300.0,Kolkata,48.0,"gym,lift,parking,security",774939.69
5.0,1476.4,Mumbai,55.0,"gym,lift,security",11841969.39
6.0,1539.2,Mumbai,44.0,,9758525.42
2.0,1087.0,Chennai,38.0,"garden,parking,pool,security",3594648.94
2.0,300.0,Mumbai,31.0,,1788370.92
6.0,751.6,Pune,55.0,"garden,lift,parking",2323422.01
4.0,1754.8,Ahmedabad,50.0,"gym,lift,pool,security",6218105.39
2.0,300.0,Kolkata,25.0,,1086533.7
4.0,1043.6,Delhi,5.0,"gym,lift,pool,security",5246854.28
4.0,669.0,Delhi,0.0,"garden,lift,parking,security",4377671.24
6.0,1562.1,Pune,14.0,"gym,lift,pool",6096312.31
2.0,896.2,Mumbai,3.0,"garden,lift,pool",6611923.07
6.0,1381.8,Chennai,12.0,"gym,lift,parking,security",4158668.77
6.0,1454.5,Hyderabad,6.0,"garden,parking,security",6246515.96
2.0,2026.3,Pune,58.0,"gym,security",7551981.88
1.0,1108.7,Delhi,5.0,"garden,parking,security",7324153.34
4.0,1369.2,Kolkata,37.0,"garden,parking,security",4470602.49
1.0,531.7,Pune,21.0,,2448539.12
2.0,1735.7,Delhi,10.0,"gym,parking,pool",10466678.69
3.0,857.8,Bangalore,42.0,gym,3731926.27
6.0,947.7,Mumbai,58.0,"parking,security",6279219.43
6.0,1190.0,Hyderabad,47.0,"gym,lift,parking,pool",5300002.2
1.0,496.7,Bangalore,58.0,,1904531.47
6.0,1302.9,Mumbai,35.0,"garden,security",5680848.66
1.0,1635.4,Chennai,40.0,garden,4926361.94
5.0,1331.8,Chennai,8.0,"garden,parking",6119009.48
6.0,485.0,Mumbai,,"garden,gym,parking,pool",2298149.23
6.0,1144.3,Delhi,44.0,pool,6531214.17
2.0,1533.9,Mumbai,15.0,"garden,lift,parking,security",11655992.74
6.0,354.9,Pune,21.0,parking,1089934.77
1.0,716.4,Bangalore,36.0,"garden,gym,parking,pool",2508048.73
4.0,1594.4,Mumbai,0.0,,9135657.7
3.0,1321.5,Delhi,49.0,"garden,gym,parking,security",9799117.06
2.0,,Ahmedabad,16.0,"lift,parking,security",4267120.32
1.0,2036.8,Bangalore,4.0,,9043045.4
5.0,1410.8,Pune,19.0,"garden,gym,pool,security",5445120.2
3.0,1496.0,Hyderabad,50.0,,7152583.28
4.0,2419.8,Delhi,16.0,"garden,lift",12875178.04
3.0,,Bangalore,32.0,garden,4695260.34
3.0,841.0,Mumbai,48.0,"lift,parking,security",6306933.0
6.0,1392.5,Pune,2.0,security,6242553.62
1.0,1397.5,Bangalore,45.0,,6030799.08
5.0,963.0,Hyderabad,17.0,gym,3097574.78
5.0,735.4,Delhi,41.0,"gym,parking,security",4420930.84
3.0,2239.4,Kolkata,11.0,"lift,pool",7431737.7
2.0,1347.1,Delhi,8.0,,5698836.2
1.0,870.5,Chennai,47.0,"garden,parking",2144454.45
6.0,,Kolkata,48.0,,4196653.16
6.0,1150.9,Pune,58.0,,3393360.02
2.0,1086.2,Chennai,40.0,"garden,gym,lift",2810076.83
,1453.0,Ahmedabad,27.0,parking,3965117.43
1.0,618.7,Delhi,11.0,"lift,parking,security",2788525.21
1.0,,Ahmedabad,17.0,,4168690.09
5.0,2060.8,Chennai,38.0,gym,9481895.45
6.0,1409.8,Hyderabad,20.0,"pool,security",5377863.05
1.0,1030.7,Bangalore,29.0,"garden,lift,pool,security",5296370.56
5.0,971.8,Pune,10.0,"garden,security",4292891.07
2.0,1015.3,Ahmedabad,26.0,"garden,gym,pool",3315279.4
3.0,1085.7,Pune,,"lift,parking",4613535.28
4.0,1030.0,Mumbai,6.0,security,6841095.94
5.0,1612.3,Hyderabad,7.0,"pool,security",6959088.32
6.0,420.1,Pune,31.0,"garden,parking,security",2478429.0
1.0,1587.9,Hyderabad,21.0,"garden,pool",7170247.96
,,Kolkata,5.0,"gym,security",2829198.51
2.0,1369.6,Pune,30.0,"garden,parking,pool",6032575.09
2.0,,Mumbai,,"garden,gym",4005720.53
6.0,1797.9,Chennai,0.0,"garden,parking",7445452.32
5.0,1760.5,Delhi,7.0,"garden,gym,parking,security",8407875.18
2.0,1631.8,Hyderabad,26.0,"lift,pool,security",5494469.77
6.0,518.4,Hyderabad,57.0,garden,1510021.55
3.0,1573.1,Kolkata,14.0,"garden,pool",6032996.82
4.0,1382.2,Kolkata,17.0,"garden,lift,security",4828641.84
,477.6,Hyderabad,14.0,,2055242.75
,1189.1,Chennai,21.0,"gym,lift,pool,security",4967558.07
6.0,,Pune,43.0,gym,5170892.1
1.0,1450.2,Pune,19.0,"gym,pool",5579236.61
2.0,1279.8,Pune,39.0,garden,5351795.34
2.0,1331.1,Kolkata,53.0,"garden,gym,security",4945034.9
2.0,1863.1,Ahmedabad,56.0,"garden,pool",6031252.64
1.0,1751.7,Kolkata,33.0,"gym,parking,pool,security",6030873.58
1.0,300.0,Delhi,42.0,"gym,parking,security",1648463.5
5.0,1057.2,Hyderabad,55.0,gym,3563899.32
6.0,1125.9,Hyderabad,47.0,"lift,parking",3969223.13
1.0,411.6,Chennai,17.0,,1377108.35
2.0,1242.4,Chennai,7.0,"gym,parking",4566669.32
4.0,,Pune,6.0,"gym,parking,pool,security",7169086.92
6.0,711.0,Hyderabad,52.0,"garden,lift,pool,security",2712890.04
5.0,1351.4,Bangalore,33.0,"gym,lift,parking,pool",7084887.83
5.0,787.9,Hyderabad,17.0,garden,3881767.71
4.0,897.6,Kolkata,20.0,"garden,gym,parking",3274673.23
3.0,1864.8,Bangalore,16.0,"lift,parking,security",8933025.57
2.0,955.8,Mumbai,48.0,"garden,pool,security",6636569.76
6.0,1408.0,Ahmedabad,36.0,"garden,lift,pool,security",5219468.28
5.0,358.0,Delhi,52.0,security,1433189.89
1.0,2038.0,Chennai,18.0,"garden,gym,security",7575483.59
5.0,1471.2,Kolkata,28.0,"parking,pool",4804710.52
,1117.9,Bangalore,7.0,"lift,security",5587036.46
5.0,1459.0,Bangalore,58.0,"parking,pool,security",6815864.33
,565.6,Bangalore,30.0,"lift,security",2336891.76
1.0,1732.1,Delhi,33.0,,9498174.85
3.0,1054.2,Delhi,24.0,security,5773799.59
1.0,,Delhi,16.0,"lift,security",7175662.29
4.0,978.8,Hyderabad,56.0,"garden,gym,lift,parking",3601401.16
6.0,938.7,Chennai,,"parking,pool",3162647.52
1.0,1512.6,Mumbai,40.0,,10144326.82
3.0,1315.2,Kolkata,2.0,,3736376.58
6.0,1493.3,Pune,16.0,"garden,lift",7293812.7
2.0,1196.0,Mumbai,48.0,"garden,gym,lift,pool",9158035.89
1.0,1430.9,Kolkata,5.0,"garden,gym,pool",5875791.74
3.0,1011.5,Mumbai,6.0,,6596060.59
4.0,2203.4,Chennai,48.0,"lift,pool,security",7824999.23
4.0,494.4,Hyderabad,18.0,"garden,security",1721708.57
2.0,1767.4,Chennai,16.0,"garden,security",7171189.22
6.0,1815.6,Ahmedabad,33.0,"garden,lift,pool",5636842.48
4.0,816.5,Ahmedabad,11.0,,3070176.98
2.0,2203.2,Bangalore,2.0,"garden,lift,parking,pool",12903711.17
6.0,1648.0,Chennai,0.0,,5287539.67
6.0,1637.0,Ahmedabad,4.0,"gym,pool",7878051.1
3.0,1212.6,Pune,9.0,pool,5005769.6
1.0,1102.2,Ahmedabad,41.0,pool,2997983.24
4.0,1105.8,Hyderabad,17.0,"gym,lift,parking,security",4317563.13
4.0,1375.7,Bangalore,4.0,"parking,pool,security",9196009.92
1.0,1830.5,Chennai,0.0,"garden,pool,security",9523109.19
4.0,1281.6,Kolkata,28.0,"lift,parking,security",4783307.83
6.0,789.9,Ahmedabad,50.0,"gym,pool",2913224.75
1.0,1571.0,Pune,20.0,"parking,security",7721493.55
5.0,1614.5,Pune,3.0,,6971182.7
1.0,1494.6,Chennai,13.0,"lift,pool",6121131.46
5.0,1535.5,Bangalore,29.0,gym,8185693.26
3.0,1078.1,Hyderabad,,,4311840.19
1.0,782.0,Hyderabad,58.0,pool,2217707.58
6.0,809.3,Kolkata,45.0,"gym,parking,pool,security",2729593.84
1.0,464.0,Chennai,20.0,"lift,parking,security",2177158.76
4.0,1306.6,Kolkata,57.0,"garden,gym,lift,security",4162480.39
2.0,,Mumbai,19.0,"gym,pool,security",7646563.73
6.0,1002.0,Kolkata,8.0,lift,3377118.11
5.0,300.0,Chennai,56.0,,535297.3
5.0,638.7,Ahmedabad,57.0,,1451315.21
3.0,1704.4,Hyderabad,18.0,"lift,pool",7971817.46
3.0,900.9,Hyderabad,35.0,,2942635.78
4.0,1362.3,Delhi,10.0,"garden,lift,parking,pool",7857715.5
5.0,574.2,Kolkata,38.0,,1119924.37
6.0,1847.4,Pune,41.0,,8579046.38
1.0,1135.2,Kolkata,42.0,"garden,lift,pool,security",4143640.86
4.0,1330.5,Mumbai,34.0,,7770292.01
1.0,2246.6,Delhi,42.0,"garden,parking,pool,security",10596998.51
2.0,1882.4,Ahmedabad,33.0,"garden,gym,pool,security",6248023.92
5.0,,Mumbai,49.0,,6500659.94
2.0,933.1,Chennai,10.0,"garden,gym,pool",3496047.78
5.0,1053.5,Hyderabad,29.0,,3840339.01
3.0,1429.5,Ahmedabad,,,4801134.88
2.0,1152.6,Kolkata,32.0,,3780134.25
3.0,1022.1,Ahmedabad,8.0,"garden,pool",3630450.51
4.0,1860.2,Bangalore,19.0,,9280483.39
5.0,1148.6,Chennai,57.0,"parking,security",3403125.21
4.0,2234.8,Pune,6.0,"gym,security",13826829.6
6.0,1240.8,Ahmedabad,38.0,"gym,lift,security",4126812.83
6.0,2003.4,Mumbai,39.0,,12533689.32
5.0,1360.8,Ahmedabad,28.0,,4785893.33
4.0,1633.3,Bangalore,2.0,,7685813.1
2.0,873.9,Delhi,2.0,lift,4666968.63
3.0,815.8,Chennai,16.0,"garden,parking,pool",3284656.77
1.0,1406.9,Kolkata,6.0,gym,3832925.83
3.0,1644.8,Delhi,5.0,"garden,gym,pool,security",10127174.29
6.0,1218.1,Mumbai,9.0,,5974261.56
3.0,621.1,Ahmedabad,11.0,"parking,security",2503199.38
1.0,587.9,Ahmedabad,50.0,pool,1905888.25
4.0,557.8,Delhi,38.0,"gym,pool",2908297.26
6.0,404.6,Ahmedabad,1.0,,1136557.77
6.0,1249.3,Ahmedabad,37.0,lift,3543197.33
2.0,1706.3,Ahmedabad,8.0,,6924813.29
3.0,1194.0,Delhi,25.0,gym,11585094.27
4.0,,Chennai,,"gym,lift",1289575.7
2.0,1114.2,Ahmedabad,5.0,"gym,lift,pool,security",4702381.68
2.0,1126.7,Ahmedabad,7.0,security,4180441.25
2.0,2143.2,Chennai,26.0,gym,6945766.16
6.0,544.3,Delhi,27.0,gym,2989029.29
5.0,1024.2,Mumbai,21.0,,5843658.08
,1967.6,Bangalore,37.0,,7864895.92
5.0,1402.5,Mumbai,43.0,"garden,gym",7162875.87
6.0,1453.5,Delhi,43.0,,8186260.08
1.0,1251.6,Mumbai,34.0,"garden,parking,pool",7791477.97
6.0,1348.5,Kolkata,32.0,"gym,parking,security",4449405.32
1.0,1549.9,Chennai,29.0,,6009725.92
3.0,835.7,Chennai,14.0,security,2658499.25
4.0,1595.1,Kolkata,29.0,,4371530.09
3.0,582.1,Hyderabad,0.0,lift,2212517.9
1.0,,Hyderabad,57.0,lift,3982786.95
2.0,1280.4,Delhi,22.0,"gym,pool",6475359.08
5.0,922.7,Hyderabad,45.0,"parking,pool",2952586.81
2.0,1189.8,Delhi,57.0,,6276252.76
2.0,919.9,Chennai,29.0,,3548833.35
6.0,717.7,Ahmedabad,51.0,,1522189.94
1.0,1040.9,Chennai,28.0,"lift,parking,pool",3820636.43
6.0,703.2,Bangalore,7.0,"gym,lift",4856576.07
6.0,1345.3,Pune,1.0,"garden,parking,security",5258274.25
4.0,682.5,Kolkata,8.0,pool,2467177.95
1.0,1520.4,Hyderabad,56.0,"lift,parking,security",6175394.84
1.0,668.3,Bangalore,28.0,security,3683583.65
2.0,945.2,Pune,19.0,"garden,parking",4054138.51
4.0,918.9,Delhi,26.0,"gym,lift,parking,security",4590917.25
1.0,1796.3,Ahmedabad,15.0,"lift,pool",6311651.25
3.0,,Bangalore,52.0,"gym,security",6405527.71
1.0,1104.7,Bangalore,59.0,"lift,parking,pool",5136568.7
4.0,1424.4,Pune,5.0,"gym,pool,security",5097822.43
1.0,300.0,Mumbai,43.0,"gym,pool,security",1740862.92
5.0,1180.6,Delhi,20.0,,6991142.81
1.0,2098.9,Delhi,2.0,"parking,security",10063112.23
2.0,1259.6,Hyderabad,55.0,,3863541.36
2.0,1230.6,Chennai,,"parking,security",4633949.8
5.0,1446.7,Delhi,12.0,,6395058.59
1.0,1603.0,Bangalore,1.0,,6810688.76
3.0,301.1,Kolkata,28.0,garden,778974.91
4.0,,Ahmedabad,35.0,"gym,pool",1410024.38
,1294.6,Mumbai,19.0,"gym,parking,pool,security",7138181.56
5.0,878.3,Pune,4.0,,3601703.6
5.0,1790.4,Mumbai,6.0,"gym,parking,pool,security",15019013.56
3.0,1058.2,Chennai,56.0,"gym,security",4116605.11
5.0,329.5,Ahmedabad,48.0,,631780.07
2.0,629.4,Kolkata,56.0,"gym,parking,security",1261562.08
6.0,300.0,Delhi,31.0,"lift,parking",1287044.5
4.0,1094.6,Bangalore,32.0,"gym,lift,parking,pool",5804888.0
5.0,1115.2,Kolkata,47.0,"parking,pool,security",3696991.19
6.0,1009.0,Kolkata,36.0,parking,3973254.12
5.0,1685.5,Bangalore,26.0,"lift,parking",7412665.08
6.0,1739.3,Mumbai,17.0,,7846805.49
4.0,1123.3,Hyderabad,29.0,,3560365.75
1.0,300.0,Chennai,3.0,,1014548.77
3.0,1477.8,Hyderabad,11.0,"gym,lift,security",5970918.53
2.0,1449.9,Ahmedabad,44.0,"lift,parking",4060997.59
6.0,1339.2,Kolkata,52.0,,2979997.27
2.0,1641.7,Kolkata,6.0,,4927262.56
2.0,675.8,Mumbai,5.0,"gym,pool",3846135.6
2.0,2103.9,Kolkata,5.0,,7339810.87
4.0,768.3,Kolkata,47.0,,2045352.55
4.0,1537.2,Hyderabad,18.0,"gym,pool",5640876.77
6.0,440.7,Chennai,19.0,"garden,gym,lift",1670625.92
3.0,781.4,Kolkata,0.0,,2273246.22
2.0,1882.4,Ahmedabad,58.0,"garden,lift,parking,pool",6505150.63
,1082.6,Chennai,26.0,"garden,gym,lift,security",4447651.34
1.0,1578.0,Mumbai,47.0,"garden,gym",10050555.24
3.0,1306.6,Chennai,42.0,"garden,gym,lift,pool",5081687.84
6.0,1152.8,Pune,8.0,"gym,lift",4150760.14
4.0,1813.7,Mumbai,48.0,,9645171.4
6.0,1093.5,Kolkata,33.0,,2999160.19
1.0,398.7,Delhi,36.0,"gym,lift,pool,security",2453822.14
1.0,838.5,Ahmedabad,12.0,garden,2216608.67
6.0,,Chennai,50.0,"pool,security",4919112.21
1.0,1378.0,Bangalore,55.0,,6135017.08
1.0,494.8,Mumbai,24.0,security,2839908.79
3.0,874.0,Mumbai,5.0,"garden,lift,pool",7061480.92
6.0,938.2,Pune,50.0,"parking,pool",3492812.77
5.0,1035.5,Hyderabad,53.0,"garden,gym,parking",3582503.56
1.0,580.8,Kolkata,,"lift,parking,pool,security",1813443.12
6.0,917.2,Delhi,34.0,parking,5973990.35
6.0,872.1,Ahmedabad,13.0,lift,4003726.73
5.0,1547.2,Ahmedabad,4.0,"garden,lift",5467122.61
6.0,1564.1,Mumbai,,"garden,lift,parking,security",10010141.02
,1134.4,Pune,28.0,security,4523635.09
6.0,1023.6,Ahmedabad,16.0,"garden,gym,parking,security",3856621.61
2.0,1263.0,Bangalore,41.0,"garden,gym,lift,parking",5510495.98
5.0,832.5,Mumbai,1.0,"garden,parking,pool,security",6948472.08
4.0,683.9,Ahmedabad,4.0,,2299431.18
5.0,776.9,Hyderabad,14.0,"garden,gym,pool",3103135.93
4.0,914.3,Mumbai,27.0,"lift,parking,pool,security",4984070.36
4.0,676.4,Kolkata,22.0,"gym,security",2254755.18
4.0,1272.9,Pune,11.0,"garden,lift",3944841.59
5.0,1528.4,Mumbai,21.0,gym,8628565.82
5.0,485.8,Bangalore,20.0,security,2086793.1
1.0,1211.3,Mumbai,31.0,,8148133.97
5.0,1101.0,Ahmedabad,33.0,"garden,gym,lift,parking",5026156.89
,1353.7,Mumbai,52.0,"lift,pool",9152429.23
2.0,1194.2,Kolkata,48.0,"lift,parking",4589638.62
4.0,545.9,Chennai,17.0,"garden,gym,lift",2382757.62
6.0,631.9,Chennai,54.0,parking,2378275.71
6.0,1213.2,Kolkata,31.0,,5147342.12
6.0,1663.0,Ahmedabad,11.0,"garden,lift",5117195.04
3.0,300.0,Delhi,20.0,"lift,parking,pool,security",1375799.32
5.0,1355.6,Mumbai,44.0,"garden,gym,parking,security",9748382.41
3.0,1735.3,Mumbai,49.0,"lift,parking,security",11264834.3
5.0,1131.1,Pune,22.0,,4497907.42
4.0,1447.6,Chennai,9.0,,5712319.2
2.0,883.6,Mumbai,11.0,"gym,lift",5189406.2
2.0,,Delhi,6.0,"lift,parking,pool,security",8714068.97
1.0,470.6,Chennai,41.0,"garden,lift,parking",1341869.81
1.0,300.0,Pune,30.0,"garden,gym,lift,parking",1154243.07
3.0,1624.2,Bangalore,27.0,"pool,security",8857365.64
3.0,756.8,Ahmedabad,40.0,"garden,gym,lift,pool",1983663.99
1.0,995.0,Ahmedabad,49.0,garden,2708784.08
3.0,576.1,Kolkata,47.0,parking,1358024.77
4.0,565.5,Hyderabad,8.0,,2277580.96
2.0,1121.8,Ahmedabad,35.0,"gym,parking,pool,security",3636711.96
3.0,871.7,Pune,52.0,"gym,lift,parking,security",3156800.54
3.0,1370.1,Chennai,46.0,"garden,gym,lift,pool",4269422.69
4.0,1403.6,Hyderabad,19.0,parking,7445367.44
3.0,1344.4,Kolkata,23.0,,4090589.1
5.0,1307.4,Chennai,53.0,"garden,lift",5072907.35
2.0,1910.0,Delhi,1.0,,9332374.66
3.0,719.6,Ahmedabad,31.0,,1766637.97
3.0,1175.3,Mumbai,6.0,garden,10038462.13
2.0,1709.7,Pune,53.0,,4840294.17
5.0,1769.0,Pune,2.0,"garden,gym,parking",8087903.97
2.0,560.2,Chennai,,"parking,security",1949501.39
2.0,1059.4,Mumbai,19.0,,5935871.63
5.0,1811.2,Hyderabad,12.0,gym,6212015.09
6.0,1428.6,Ahmedabad,29.0,,3998301.01
5.0,1287.9,Delhi,17.0,,6538778.18
6.0,1102.0,Pune,21.0,,2749713.11
6.0,1027.3,Kolkata,33.0,"gym,pool",3021408.29
3.0,1329.7,Ahmedabad,33.0,"parking,pool,security",4634914.82
5.0,1086.4,Chennai,56.0,"gym,parking,pool",3014464.4
2.0,1180.8,Bangalore,28.0,"lift,parking,security",7842473.96
3.0,1235.4,Pune,33.0,"pool,security",4439753.15
4.0,894.9,Hyderabad,40.0,"gym,lift",3180917.74
6.0,1439.5,Pune,10.0,"gym,lift,parking,pool",5719960.89
6.0,2511.4,Pune,40.0,"garden,gym,lift",10504033.27
,400.4,Pune,51.0,,1376632.75
4.0,1345.8,Delhi,19.0,pool,9959956.08
2.0,857.9,Kolkata,10.0,parking,3412307.01
5.0,1459.8,Chennai,20.0,,6057429.12
4.0,1221.0,Ahmedabad,,"pool,security",5331179.7
4.0,1542.8,Pune,35.0,"lift,parking",6606874.48
5.0,1729.0,Ahmedabad,51.0,,7069690.67
4.0,1286.6,Ahmedabad,35.0,"garden,security",4948396.24
1.0,1709.4,Ahmedabad,7.0,"garden,gym,pool",6125686.56
2.0,300.0,Pune,18.0,"lift,parking,pool,security",1261017.9
2.0,1915.7,Chennai,41.0,"garden,lift,security",5384425.82
5.0,1368.8,Mumbai,19.0,,8850857.61
1.0,1685.0,Hyderabad,,,4747695.28
2.0,651.1,Hyderabad,41.0,,1659111.01
4.0,826.2,Kolkata,19.0,,2695733.54
5.0,1265.7,Chennai,38.0,security,3827459.16
4.0,1192.3,Hyderabad,23.0,,4358716.2
6.0,1327.4,Delhi,8.0,pool,7427775.78
6.0,1688.0,Pune,22.0,lift,7078858.35
1.0,405.7,Hyderabad,26.0,"gym,parking",1302821.39
6.0,,Mumbai,0.0,,12724478.54
4.0,,Bangalore,53.0,"garden,parking,pool",5915449.03
4.0,1108.3,Ahmedabad,31.0,pool,3699309.75
1.0,538.0,Mumbai,2.0,"garden,gym,security",3237974.34
4.0,1426.4,Hyderabad,52.0,"lift,parking",5438197.05
5.0,300.0,Chennai,51.0,lift,900635.37
4.0,1491.8,Mumbai,0.0,"lift,parking,security",12005605.21
1.0,528.6,Delhi,9.0,"garden,pool",2182132.5
4.0,1224.1,Ahmedabad,21.0,"garden,parking,pool,security",4019824.56
6.0,1146.4,Chennai,30.0,,3845249.95
5.0,1726.3,Delhi,43.0,security,8088986.73
1.0,1119.6,Delhi,25.0,"lift,parking,pool",4812322.46
6.0,887.6,Hyderabad,36.0,"lift,pool,security",3286378.23
6.0,972.0,Pune,0.0,pool,4108298.8
2.0,1772.8,Pune,39.0,"gym,lift,pool",6613439.24
5.0,1441.3,Delhi,54.0,garden,6818852.47
3.0,1026.5,Pune,31.0,"garden,gym,security",4192800.57
,1093.6,Ahmedabad,27.0,"garden,parking,pool,security",4675434.89
3.0,,Delhi,17.0,gym,2203655.13
5.0,1374.8,Mumbai,57.0,"garden,lift",7694440.92
6.0,408.1,Ahmedabad,1.0,gym,1208931.66
5.0,1538.3,Chennai,17.0,"lift,parking",4956368.49
6.0,1257.9,Kolkata,8.0,"lift,pool,security",4468273.66
6.0,2274.1,Bangalore,51.0,,10445473.66
1.0,,Bangalore,28.0,,3255255.27
,1153.8,Delhi,55.0,,6274278.5
5.0,2009.2,Delhi,39.0,,12305852.74
4.0,1736.1,Hyderabad,33.0,"gym,pool,security",5430028.92
1.0,886.7,Mumbai,31.0,,5703363.53
1.0,1300.8,Kolkata,12.0,"garden,security",4318966.31
4.0,1200.9,Chennai,33.0,"garden,gym,parking",4424318.08
4.0,1326.9,Ahmedabad,41.0,"gym,lift,pool,security",4850622.05
2.0,885.6,Chennai,57.0,pool,2230833.38
2.0,1159.8,Bangalore,32.0,"gym,lift,pool,security",7461959.09
1.0,480.9,Chennai,56.0,,1532674.64
4.0,1260.8,Delhi,56.0,gym,5448938.0
1.0,1402.5,Kolkata,31.0,"gym,security",4122488.11
4.0,1097.7,Pune,26.0,"lift,parking,pool",3602300.81
3.0,473.2,Delhi,8.0,"lift,pool",2213227.97
3.0,1644.8,Chennai,16.0,,5302492.78
5.0,1364.0,Chennai,52.0,,3975593.93
4.0,873.3,Delhi,8.0,"garden,lift,pool,security",5633326.28
5.0,1073.7,Mumbai,23.0,pool,8126136.29
5.0,524.7,Kolkata,41.0,"garden,parking,pool,security",1524206.97
6.0,738.6,Bangalore,14.0,gym,3485326.1
5.0,,Chennai,58.0,"gym,lift,pool,security",3476331.52
4.0,1752.8,Delhi,38.0,,8728105.27
3.0,912.2,Pune,1.0,,2981308.02
,1488.1,Mumbai,14.0,parking,8614548.88
4.0,957.8,Bangalore,44.0,"lift,parking,pool,security",4293052.15
1.0,1311.6,Chennai,51.0,"lift,parking",4876825.08
6.0,1136.4,Hyderabad,55.0,,3729872.43
6.0,1592.9,Chennai,51.0,"garden,security",5898148.66
1.0,,Delhi,4.0,"garden,lift,parking,security",4532268.72
5.0,492.4,Hyderabad,43.0,"garden,gym,security",1867355.55
1.0,578.1,Kolkata,6.0,"garden,gym,parking,security",1796186.59
5.0,960.7,Bangalore,4.0,,6734681.71
1.0,637.9,Delhi,41.0,"lift,security",2689711.28
3.0,1384.6,Kolkata,28.0,"garden,gym,pool,security",4681966.04
4.0,990.4,Kolkata,38.0,,4772947.03
5.0,2268.6,Pune,51.0,garden,9263589.49
3.0,,Kolkata,4.0,,1331337.67
6.0,1291.6,Kolkata,,,3385658.72
5.0,692.4,Pune,50.0,"garden,gym,lift,parking",3288065.89
2.0,978.0,Chennai,26.0,"gym,lift,parking",3067557.19
5.0,1263.6,Mumbai,31.0,"garden,gym,lift,parking",8851961.91
5.0,300.0,Chennai,29.0,,758152.54
3.0,1306.6,Bangalore,54.0,,5487070.57
5.0,2056.3,Kolkata,2.0,garden,5300311.0
6.0,996.0,Hyderabad,52.0,,4155681.31
5.0,1316.9,Ahmedabad,48.0,"garden,gym,parking,pool",4306223.64
5.0,1661.2,Chennai,48.0,,5064799.81
4.0,1126.2,Chennai,24.0,,4563884.49
2.0,938.6,Ahmedabad,30.0,"garden,gym,pool",2912400.98
5.0,300.0,Hyderabad,22.0,pool,870504.89
3.0,1488.4,Hyderabad,15.0,"garden,parking",6685904.05
4.0,1149.1,Bangalore,52.0,"parking,pool",5710120.38
2.0,744.3,Ahmedabad,30.0,,1691048.21
2.0,1257.0,Kolkata,43.0,"gym,lift,parking,pool",4480702.4
1.0,937.3,Delhi,6.0,,4899383.37
6.0,962.2,Hyderabad,47.0,garden,3186951.72
1.0,1472.8,Bangalore,39.0,"garden,gym,pool,security",7307365.44
1.0,597.7,Pune,59.0,,1403219.04
6.0,1671.3,Mumbai,8.0,lift,11010051.77
4.0,571.0,Pune,32.0,"gym,lift,parking,security",1842638.38
3.0,901.8,Pune,30.0,"garden,parking,pool",3571754.98
5.0,2065.3,Delhi,32.0,"gym,parking,security",11654375.7
3.0,1707.3,Delhi,3.0,"lift,pool",11090093.39
1.0,1243.9,Pune,28.0,security,4144731.19
5.0,776.8,Bangalore,17.0,,4588876.69
2.0,961.8,Ahmedabad,37.0,garden,3370009.86
4.0,1233.0,Kolkata,13.0,,3642952.73
6.0,1216.9,Ahmedabad,26.0,"garden,gym,parking",3693835.56
6.0,1159.1,Chennai,37.0,"lift,parking,pool",3456298.02
3.0,1186.1,Ahmedabad,3.0,pool,4083410.2
5.0,1103.5,Mumbai,47.0,"gym,parking,pool,security",6304383.04
4.0,551.1,Bangalore,,"garden,parking,security",2970896.11
3.0,967.6,Mumbai,3.0,,6095885.48
1.0,1611.6,Pune,3.0,parking,5754478.6
3.0,584.2,Chennai,51.0,"gym,security",1962039.35
4.0,1114.7,Bangalore,16.0,pool,4970889.82
6.0,831.1,Bangalore,51.0,"garden,gym,parking,security",3898946.13
1.0,1250.1,Pune,29.0,"gym,lift,pool,security",5959422.43
5.0,1025.1,Delhi,20.0,gym,5457592.25
6.0,1864.8,Chennai,16.0,"lift,parking,security",7374355.21
6.0,1428.0,Chennai,39.0,,5110188.75
3.0,609.7,Delhi,,,2446427.03
1.0,1502.1,Delhi,,parking,8061518.64
2.0,851.4,Bangalore,20.0,"garden,lift,parking,pool",4543780.58
6.0,940.4,Chennai,9.0,,3946032.06
6.0,1341.2,Bangalore,21.0,"gym,parking,pool,security",7871513.28
4.0,978.7,Hyderabad,31.0,pool,3512943.61
1.0,1601.8,Chennai,40.0,"garden,gym,lift,parking",6982928.02
1.0,851.5,Delhi,5.0,"garden,pool",4623022.6
3.0,,Chennai,52.0,"garden,gym,lift,parking",3485022.46
4.0,,Delhi,52.0,parking,3926358.78
1.0,945.5,Delhi,41.0,,4693481.78
5.0,1694.6,Delhi,55.0,"garden,lift",8289135.67
4.0,1483.0,Bangalore,25.0,"garden,gym,parking,pool",10135060.59
1.0,1969.5,Mumbai,49.0,parking,16237000.91
1.0,2220.4,Ahmedabad,43.0,"garden,gym,parking,pool",9124629.82
3.0,736.2,Bangalore,33.0,"lift,pool",4061914.79
5.0,1231.7,Kolkata,10.0,"garden,gym,security",3201358.0
5.0,670.7,Ahmedabad,33.0,,1404860.09
3.0,850.1,Kolkata,54.0,"garden,gym,security",2279052.13
2.0,916.5,Kolkata,59.0,"gym,lift,parking,security",2959746.76
6.0,724.3,Mumbai,26.0,parking,4443744.11
3.0,726.7,Bangalore,,"lift,pool",2847509.09
2.0,1135.1,Pune,44.0,"parking,pool",5159213.41
3.0,652.5,Chennai,4.0,,3235868.29
1.0,1579.0,Mumbai,9.0,gym,12326873.93
2.0,787.0,Chennai,33.0,,2860482.28
4.0,2464.3,Kolkata,59.0,"garden,parking,pool",8209116.13
6.0,996.9,Kolkata,19.0,"garden,lift",2964716.6
5.0,1232.4,Hyderabad,26.0,"garden,gym,pool",4858485.2
5.0,617.1,Delhi,,,4022510.01
4.0,1967.7,Bangalore,26.0,"garden,gym,parking,pool",9944643.69
1.0,1703.8,Bangalore,0.0,,7831470.13
3.0,1333.6,Bangalore,35.0,gym,7389286.16
,593.9,Bangalore,35.0,,3029115.23
1.0,,Hyderabad,,"lift,pool,security",4698481.08
6.0,695.4,Mumbai,15.0,garden,4367054.33
5.0,1858.1,Bangalore,45.0,,7972459.26
2.0,1564.1,Bangalore,11.0,,8077027.86
5.0,,Delhi,2.0,"parking,pool,security",8593285.17
6.0,300.0,Ahmedabad,2.0,"lift,parking,security",898906.39
1.0,757.5,Pune,52.0,,2841691.38
1.0,1509.5,Ahmedabad,21.0,security,5114131.29
4.0,1745.8,Chennai,6.0,lift,9486231.15
6.0,1699.1,Mumbai,52.0,parking,10819646.16
,483.6,Ahmedabad,8.0,"garden,gym,pool,security",1697898.75
4.0,1335.7,Hyderabad,20.0,,5881810.2
1.0,1657.0,Pune,1.0,parking,6516691.66
4.0,453.7,Hyderabad,40.0,"gym,security",1247944.5
4.0,1196.4,Hyderabad,41.0,,3958585.26
1.0,1323.2,Hyderabad,45.0,pool,4630243.58
5.0,1064.7,Bangalore,15.0,"parking,security",4186830.56
,366.5,Chennai,19.0,"lift,parking,pool,security",1243040.54
6.0,1053.4,Pune,56.0,"gym,parking",2925594.06
1.0,1052.7,Mumbai,,"gym,pool,security",6184892.49
2.0,1133.4,Delhi,2.0,"garden,gym,pool",6758887.43
2.0,946.4,Kolkata,41.0,"parking,pool",2772941.47
3.0,1000.6,Chennai,48.0,"garden,gym,parking",3174569.88
1.0,1182.1,Ahmedabad,33.0,security,3774401.65
6.0,1399.1,Chennai,38.0,pool,4370720.17
5.0,1063.0,Pune,0.0,"parking,pool,security",4901626.73
5.0,1015.7,Ahmedabad,1.0,"parking,security",3838624.73
2.0,1241.6,Pune,2.0,,4561682.35
1.0,335.6,Bangalore,9.0,,1491574.49
6.0,1414.7,Chennai,59.0,"pool,security",5266374.56
,1199.7,Delhi,,"garden,gym",6147325.69
4.0,1217.9,Bangalore,46.0,"parking,security",8453721.01
6.0,1632.3,Pune,,"garden,lift,pool,security",7003068.85
1.0,321.2,Delhi,56.0,"lift,security",1180721.49
1.0,,Pune,11.0,,1084536.71
1.0,1323.2,Chennai,54.0,"gym,parking,pool",4169434.1
1.0,1196.8,Bangalore,1.0,"gym,lift,parking",6869233.51
1.0,1276.6,Mumbai,1.0,"lift,pool",7749730.18
5.0,992.0,Pune,4.0,,3612317.66
,1499.0,Kolkata,47.0,"gym,lift,parking,security",4585564.56
6.0,1619.7,Pune,15.0,,5538071.48
5.0,1417.8,Hyderabad,27.0,"garden,gym,parking",4399830.04
6.0,1082.6,Pune,28.0,"garden,lift,security",4174579.07
2.0,300.0,Hyderabad,47.0,"garden,gym,parking",1032942.18
,1546.2,Bangalore,20.0,"garden,gym,parking",8234311.39
6.0,1749.8,Bangalore,0.0,,10956090.28
2.0,1490.1,Delhi,23.0,garden,8781592.28
,804.2,Ahmedabad,17.0,lift,2731849.37
5.0,1503.2,Pune,43.0,"garden,lift,parking,security",8202054.23
5.0,1587.2,Delhi,45.0,,7570459.05
6.0,1901.5,Kolkata,5.0,gym,6233270.62
6.0,805.8,Delhi,47.0,"garden,lift,pool",3992408.67
1.0,1098.1,Chennai,4.0,"gym,parking",5026873.69
5.0,1536.3,Delhi,37.0,"garden,gym,parking,security",8505771.73
6.0,,Bangalore,23.0,"gym,pool",5668670.17
5.0,697.2,Pune,18.0,security,2921060.19
5.0,1386.6,Ahmedabad,28.0,gym,3996441.24
6.0,1460.4,Ahmedabad,18.0,garden,5410652.9
3.0,1239.6,Ahmedabad,47.0,gym,4231922.69
1.0,1298.8,Delhi,58.0,,6072629.55
3.0,1083.6,Mumbai,48.0,gym,6526093.99
2.0,1865.2,Ahmedabad,26.0,"gym,lift,parking,pool",5548663.71
1.0,794.7,Ahmedabad,30.0,parking,2628067.82
1.0,935.7,Bangalore,26.0,,4403578.16
5.0,1204.9,Mumbai,47.0,"garden,parking,pool",11456483.95
4.0,1595.5,Pune,33.0,"garden,parking",6429754.49
4.0,526.2,Mumbai,28.0,parking,2753418.5
5.0,610.4,Mumbai,24.0,,2830162.61
4.0,300.0,Ahmedabad,22.0,pool,1142734.89
4.0,1214.7,Hyderabad,33.0,parking,4415586.93
1.0,696.8,Mumbai,41.0,"pool,security",3569641.35
6.0,1027.0,Pune,25.0,security,4209441.52
3.0,1497.6,Bangalore,48.0,"garden,lift,pool",8248334.15
1.0,911.3,Chennai,49.0,"gym,pool,security",3489295.97
5.0,1304.1,Ahmedabad,25.0,"garden,lift,parking,security",4624444.5
5.0,1065.3,Delhi,54.0,"garden,gym,lift",5660120.58
1.0,1502.5,Pune,10.0,lift,6509652.64
2.0,1413.8,Kolkata,55.0,,4407134.07
1.0,888.6,Hyderabad,17.0,"gym,lift,pool",3781146.33
2.0,,Ahmedabad,,"garden,lift,parking,pool",4303201.49
1.0,1669.7,Hyderabad,17.0,"gym,security",6695793.1
5.0,1377.0,Hyderabad,26.0,"gym,parking,security",4819164.7
4.0,571.4,Ahmedabad,20.0,"garden,gym,security",1855152.96
6.0,1495.0,Pune,42.0,"garden,gym,lift,parking",6984598.33
5.0,711.9,Kolkata,4.0,"garden,parking",1798531.83
4.0,1835.6,Kolkata,50.0,,4059848.17
4.0,1660.8,Pune,54.0,"garden,lift,security",7573374.61
1.0,1330.4,Delhi,33.0,"gym,pool,security",9208564.84
1.0,1270.8,Hyderabad,32.0,"garden,lift,pool",4062270.18
4.0,1105.9,Kolkata,41.0,"lift,parking",3436973.49
1.0,1505.3,Chennai,11.0,,5232636.69
1.0,1033.1,Bangalore,44.0,gym,4633717.51
2.0,1306.0,Bangalore,13.0,"pool,security",7044453.91
6.0,1592.4,Kolkata,40.0,,3931107.07
3.0,947.2,Delhi,18.0,"lift,parking,pool,security",4592288.53
5.0,922.7,Mumbai,44.0,"garden,parking,pool",5567768.0
3.0,662.5,Kolkata,47.0,"garden,parking,pool,security",1970514.44
2.0,721.0,Bangalore,12.0,"garden,lift,parking",2946308.35
3.0,377.2,Kolkata,37.0,"parking,security",1033469.46
1.0,1528.4,Chennai,29.0,"garden,lift,security",5581466.66
5.0,2014.0,Ahmedabad,17.0,"garden,lift,security",6656203.2
,1841.4,Chennai,35.0,,7770425.24
3.0,468.3,Kolkata,59.0,"gym,lift",1088694.08
6.0,1526.2,Kolkata,0.0,"parking,pool",5799370.1
4.0,1839.9,Delhi,57.0,"gym,lift,pool,security",8865477.3
3.0,994.4,Ahmedabad,,security,2423726.49
4.0,1245.7,Pune,31.0,,4540626.38
5.0,300.0,Mumbai,,"gym,lift,parking,pool",1674266.39
2.0,1320.0,Mumbai,22.0,"garden,gym,lift,parking",7296198.34
4.0,721.4,Bangalore,7.0,"gym,lift,parking,security",3123561.51
6.0,1289.8,Mumbai,,"garden,lift,pool,security",8910731.23
4.0,497.5,Bangalore,48.0,,1710331.46
3.0,1444.3,Ahmedabad,13.0,"garden,gym,lift,security",4382005.55
1.0,1661.0,Hyderabad,43.0,"parking,pool,security",7363371.65
2.0,847.6,Mumbai,44.0,,4101022.4
6.0,688.4,Hyderabad,45.0,"lift,pool",2961558.94
4.0,300.0,Delhi,20.0,,1454093.5
2.0,1080.1,Kolkata,23.0,security,3463239.94
3.0,938.3,Mumbai,24.0,"garden,parking,pool,security",6094134.6
4.0,502.0,Kolkata,51.0,"gym,lift,parking",952707.14
4.0,1403.9,Hyderabad,54.0,"garden,gym,pool",4454650.37
5.0,997.5,Mumbai,24.0,"garden,pool",6108273.24
2.0,715.9,Pune,58.0,"gym,lift,parking,security",2805737.92
4.0,950.4,Hyderabad,34.0,,2656927.61
,1682.1,Kolkata,23.0,"garden,parking",5262845.61
6.0,1471.3,Chennai,0.0,"garden,lift,parking,pool",5106561.23
1.0,1141.5,Kolkata,36.0,"garden,gym,lift,parking",3841927.75
1.0,1478.6,Hyderabad,38.0,,5394283.67
3.0,677.6,Mumbai,58.0,"lift,parking",4077474.38
4.0,1214.6,Delhi,43.0,"gym,lift,parking,security",7637745.99
5.0,1266.3,Hyderabad,1.0,"garden,gym",5695957.86
3.0,988.6,Hyderabad,34.0,garden,4041769.12
6.0,1396.0,Kolkata,44.0,"garden,lift,security",4195126.05
3.0,848.8,Hyderabad,29.0,gym,4455286.87
1.0,,Kolkata,25.0,parking,3638264.3
1.0,1448.3,Delhi,48.0,,6552170.27
6.0,,Hyderabad,36.0,"garden,pool",1073174.11
,1735.6,Kolkata,40.0,,5880383.26
6.0,300.0,Mumbai,27.0,,1703623.12
2.0,922.8,Bangalore,16.0,"gym,lift,parking,security",5664419.16
1.0,1661.4,Kolkata,31.0,,3600772.55
,,Chennai,57.0,,4080899.41
4.0,540.2,Kolkata,36.0,"parking,pool",1366257.23
3.0,707.8,Chennai,42.0,,2614363.99
5.0,1662.1,Kolkata,7.0,"garden,lift,parking,pool",4200087.09
4.0,335.3,Ahmedabad,59.0,"gym,parking",752222.59
3.0,1708.0,Ahmedabad,,"garden,lift,parking,pool",5878238.74
4.0,1175.2,Mumbai,,,7370266.29
6.0,663.4,Chennai,26.0,,2401171.12
3.0,937.6,Mumbai,55.0,gym,5845941.53
1.0,742.2,Delhi,53.0,"garden,parking,pool,security",3081392.23
3.0,1589.8,Bangalore,45.0,,7036041.09
6.0,1529.6,Pune,54.0,"garden,gym,lift,pool",6304264.27
2.0,426.4,Hyderabad,,,1192833.19
6.0,1018.4,Kolkata,50.0,"garden,lift,parking,security",3605337.62
4.0,811.6,Bangalore,10.0,"garden,pool,security",4381862.76
4.0,,Chennai,4.0,parking,5537035.4
2.0,592.5,Kolkata,32.0,"gym,security",1741814.01
6.0,1921.9,Ahmedabad,48.0,"gym,security",9253030.07
1.0,1185.0,Delhi,,"gym,lift,pool,security",8146668.8
2.0,677.1,Pune,31.0,"garden,gym,lift,security",1828955.36
3.0,895.2,Mumbai,31.0,"garden,gym,pool",5726321.15
3.0,839.3,Chennai,36.0,,3090246.85
3.0,626.4,Hyderabad,52.0,"gym,parking,pool,security",1989301.53
1.0,1242.7,Ahmedabad,50.0,"garden,lift",3622524.56
2.0,647.4,Kolkata,,,1965696.83
1.0,300.0,Ahmedabad,35.0,garden,864896.44
4.0,1029.1,Kolkata,22.0,"gym,parking",2675150.31
3.0,388.7,Hyderabad,47.0,security,1022181.42
4.0,861.5,Pune,30.0,,3221776.67
4.0,790.9,Mumbai,59.0,"garden,gym,lift,security",3940180.07
5.0,808.0,Chennai,25.0,"gym,pool,security",3668109.9
4.0,2100.4,Mumbai,40.0,"gym,parking,pool,security",11180658.23
4.0,1225.4,Pune,6.0,"parking,security",4654156.96
4.0,1310.4,Ahmedabad,55.0,,3637529.74
,400.6,Pune,9.0,"garden,security",2636873.19
4.0,905.7,Kolkata,22.0,"garden,gym,parking,security",2809819.34
2.0,1296.9,Delhi,50.0,"garden,gym,lift",4913625.72
2.0,739.0,Ahmedabad,58.0,,2111863.88
5.0,1608.6,Chennai,29.0,security,6034724.06
3.0,658.8,Pune,29.0,"lift,security",2698088.42
4.0,1071.1,Kolkata,2.0,lift,4452850.86
2.0,936.3,Pune,58.0,"garden,parking",4495546.23
3.0,1273.9,Bangalore,0.0,,6615798.19
4.0,911.8,Chennai,1.0,"gym,parking,pool,security",3322360.54
4.0,1078.1,Pune,28.0,"gym,lift",5550125.29
4.0,1093.7,Kolkata,0.0,"lift,parking,pool,security",3480728.04
3.0,869.5,Hyderabad,9.0,,3119798.67
6.0,1418.3,Chennai,37.0,"garden,pool",5091884.11
4.0,1307.3,Chennai,42.0,security,3818222.63
5.0,1160.1,Mumbai,17.0,security,6735454.67
5.0,1006.3,Mumbai,47.0,garden,5442019.72
4.0,1558.4,Mumbai,36.0,garden,10885542.92
6.0,1093.9,Pune,13.0,,4042852.53
1.0,1062.0,Hyderabad,42.0,"lift,pool,security",3179074.49
6.0,1247.1,Kolkata,35.0,"gym,lift,parking,pool",3157095.1
6.0,1963.5,Pune,48.0,,7552099.14
4.0,596.8,Delhi,9.0,,3051663.26
5.0,1546.4,Mumbai,13.0,,8828298.75
4.0,348.1,Bangalore,18.0,"garden,gym,lift,parking",1522842.42
2.0,1297.8,Ahmedabad,20.0,,4514760.64
5.0,1908.8,Mumbai,53.0,,15569370.22
,1419.9,Delhi,43.0,"parking,pool",6660211.6
2.0,1276.8,Mumbai,32.0,"garden,gym",8108166.22
4.0,947.8,Hyderabad,,"garden,lift,pool",4668126.42
6.0,1214.0,Ahmedabad,,,3181645.69
3.0,1086.6,Pune,26.0,pool,4145477.62
3.0,846.3,Hyderabad,13.0,"garden,lift,parking,security",3384208.1
1.0,1069.6,Delhi,8.0,"garden,gym,parking,security",5058993.61
1.0,1289.3,Bangalore,19.0,,6051417.93
1.0,854.8,Chennai,39.0,"gym,security",3033769.69
1.0,837.2,Bangalore,28.0,gym,3994885.12
6.0,587.9,Pune,,,1812765.54
6.0,1375.8,Ahmedabad,28.0,"garden,parking",4477135.26
5.0,1445.4,Delhi,58.0,"gym,security",8946803.86
1.0,1304.2,Bangalore,59.0,,7927084.8
1.0,1634.3,Delhi,9.0,"gym,security",11219581.02
2.0,1239.5,Pune,6.0,"gym,lift,parking,pool",4526441.29
4.0,1376.4,Hyderabad,14.0,"gym,parking,pool",6025113.25
3.0,1336.7,Bangalore,51.0,,5485877.21
3.0,,Delhi,27.0,,6269472.55
2.0,961.1,Mumbai,51.0,"gym,parking,pool,security",5236388.43
5.0,2196.4,Hyderabad,38.0,garden,6552343.17
2.0,996.6,Pune,33.0,"lift,parking",3680179.66
1.0,900.4,Delhi,16.0,"garden,gym,lift,security",5964137.88
,1395.3,Mumbai,20.0,"garden,lift,parking,security",10011012.49
6.0,1313.3,Hyderabad,8.0,gym,5337569.72
1.0,567.8,Pune,31.0,"lift,pool",2146767.21
3.0,1705.2,Bangalore,16.0,"garden,parking,pool",9374755.47
5.0,1157.6,Bangalore,17.0,"gym,lift,pool",6585561.47
5.0,700.1,Delhi,2.0,,3642450.81
6.0,1735.0,Pune,47.0,"garden,parking,pool",7078185.59
3.0,1481.6,Kolkata,56.0,"garden,lift",5783605.77
3.0,631.0,Kolkata,29.0,"garden,security",2014137.68
5.0,1999.7,Chennai,32.0,lift,7496409.64
1.0,1496.5,Pune,55.0,"gym,parking,pool,security",6445622.98
2.0,1195.4,Hyderabad,30.0,,4263549.26
4.0,1915.6,Mumbai,37.0,"garden,lift",11456015.3
5.0,1271.7,Bangalore,25.0,"garden,lift,pool,security",6987861.48
1.0,1187.4,Pune,30.0,"garden,parking",4299011.93
4.0,902.9,Pune,31.0,"garden,gym,lift,parking",3460692.54
3.0,1461.8,Ahmedabad,42.0,"gym,lift",4326167.68
4.0,1414.5,Ahmedabad,36.0,"gym,pool,security",4790697.72
6.0,1206.6,Delhi,30.0,"garden,gym,parking,pool",7312436.89
1.0,844.5,Mumbai,4.0,,5114651.73
6.0,1258.5,Bangalore,54.0,"garden,gym,parking,pool",4641304.97
3.0,1168.6,Ahmedabad,53.0,lift,4047174.22
5.0,599.9,Kolkata,11.0,"parking,security",2063099.63
3.0,537.7,Mumbai,17.0,"garden,gym,pool,security",3060510.37
2.0,1454.3,Delhi,58.0,garden,7972008.54
5.0,300.0,Chennai,19.0,"garden,parking",827601.73
5.0,1292.4,Pune,48.0,,5495051.11
1.0,984.9,Ahmedabad,47.0,"lift,pool,security",3130963.97
5.0,1788.7,Kolkata,51.0,,3976182.42
5.0,977.9,Delhi,0.0,,5307381.61
3.0,1496.8,Mumbai,28.0,"garden,gym,pool,security",9571404.49
6.0,1021.4,Pune,33.0,"gym,security",3644740.93
4.0,1251.2,Chennai,50.0,gym,3968037.1
3.0,1531.6,Ahmedabad,13.0,pool,5140111.02
1.0,991.8,Chennai,18.0,"garden,parking,pool,security",3725696.08
5.0,1648.4,Chennai,10.0,"garden,pool,security",4954836.13
2.0,752.8,Bangalore,45.0,"parking,pool,security",4357090.35
,1332.6,Mumbai,59.0,"garden,gym,parking,security",8308571.88
4.0,1615.2,Ahmedabad,8.0,,4793154.89
,1497.0,Kolkata,13.0,"garden,gym,parking,pool",4362787.32
1.0,2062.4,Delhi,18.0,"gym,pool",12750045.57
5.0,856.5,Pune,53.0,"gym,lift,parking",2573520.83
1.0,579.4,Bangalore,26.0,"lift,parking,pool,security",2825934.74
3.0,752.5,Hyderabad,16.0,pool,2600025.71
,1497.2,Kolkata,19.0,"lift,parking,pool",4428261.53
6.0,1424.1,Kolkata,35.0,"garden,gym,parking,pool",4110297.75
6.0,1246.0,Delhi,23.0,,5615900.92
6.0,694.7,Bangalore,8.0,garden,3374564.93
4.0,1545.1,Kolkata,49.0,"gym,parking",4936419.69
2.0,648.9,Ahmedabad,25.0,"garden,gym,lift,security",1965709.04
6.0,1721.5,Mumbai,15.0,"lift,parking,pool,security",11721109.16
5.0,2485.8,Kolkata,43.0,"gym,parking,pool,security",9623515.31
6.0,1364.9,Hyderabad,44.0,,3795386.15
4.0,1462.4,Chennai,9.0,gym,5405436.45
1.0,978.2,Mumbai,4.0,"lift,parking,pool",5692213.15
4.0,385.4,Pune,2.0,"gym,lift",1504555.58
3.0,928.8,Pune,45.0,,3199828.95
6.0,,Pune,37.0,,2299759.7
3.0,548.8,Kolkata,,"lift,parking,pool",1219557.36
2.0,1975.1,Ahmedabad,37.0,,7731951.62
1.0,1322.8,Kolkata,24.0,"parking,security",4661460.29
6.0,1370.9,Pune,35.0,"gym,lift,pool",4201870.72
5.0,1060.9,Ahmedabad,43.0,"lift,parking,security",2793028.98
1.0,1122.2,Pune,23.0,"garden,gym,lift,parking",5413322.88
3.0,1634.0,Pune,54.0,,5869053.24
3.0,1185.4,Chennai,53.0,"gym,lift,parking,security",5315258.89
3.0,1438.8,Kolkata,48.0,,4532452.5
6.0,1111.8,Mumbai,59.0,"garden,parking,pool,security",7340189.54
1.0,1046.0,Chennai,23.0,,3009861.28
2.0,566.9,Hyderabad,6.0,,2286040.36
2.0,310.0,Ahmedabad,29.0,,670697.78
2.0,1082.3,Mumbai,44.0,"gym,lift,parking,security",8376203.49
6.0,1225.4,Pune,46.0,"garden,gym,lift",5592889.75
6.0,621.2,Delhi,23.0,"gym,pool",2765237.81
1.0,1184.5,Ahmedabad,17.0,"parking,security",4618368.28
4.0,1224.2,Kolkata,26.0,"parking,pool",5322766.22
2.0,300.0,Delhi,48.0,"garden,lift,pool,security",1149120.58
2.0,788.2,Kolkata,3.0,,3110574.0
2.0,1383.3,Hyderabad,19.0,"garden,pool,security",5207222.19
2.0,1374.2,Ahmedabad,13.0,gym,4660100.19
3.0,680.8,Pune,48.0,,1752076.63
6.0,1271.3,Mumbai,28.0,security,7712925.13
4.0,1660.1,Delhi,5.0,"garden,gym",9369765.41
,1549.7,Hyderabad,15.0,,7565281.18
3.0,1157.1,Delhi,2.0,,4406477.42
1.0,989.4,Delhi,28.0,"garden,lift,parking,security",5422435.43
1.0,916.8,Ahmedabad,59.0,"garden,gym,security",3323100.06
2.0,1410.5,Kolkata,34.0,"garden,lift",4265983.34
2.0,1287.8,Hyderabad,52.0,"gym,lift,pool,security",5108086.79
6.0,1483.2,Delhi,44.0,,6402990.5
6.0,1259.3,Delhi,52.0,,5200591.95
6.0,1568.4,Ahmedabad,18.0,,3756076.28
4.0,1242.6,Bangalore,57.0,"lift,pool",5086454.84
4.0,1553.1,Mumbai,14.0,,8997795.07
4.0,1591.9,Hyderabad,26.0,"garden,parking,pool",6597407.14
3.0,,Hyderabad,,"garden,lift,parking,security",2897836.69
5.0,386.3,Chennai,17.0,"lift,pool,security",1249540.1
5.0,1894.6,Bangalore,15.0,"gym,lift,pool,security",9552972.87
5.0,1315.5,Ahmedabad,7.0,lift,4206820.55
4.0,428.5,Pune,0.0,"garden,lift,security",1794536.55
1.0,878.8,Ahmedabad,30.0,"garden,lift,pool",2521911.55
5.0,1547.3,Bangalore,59.0,parking,7471983.74
3.0,1074.1,Pune,13.0,"lift,parking",5237373.29
5.0,969.6,Bangalore,26.0,"garden,gym",4715289.96
4.0,1830.4,Pune,56.0,parking,6441699.18
6.0,728.7,Pune,46.0,,2435508.48
3.0,840.8,Bangalore,0.0,"gym,parking,security",3345153.54
6.0,1295.1,Ahmedabad,30.0,"lift,parking,security",4365631.13
6.0,1375.7,Kolkata,8.0,"gym,parking,security",4254980.11
2.0,1423.4,Ahmedabad,14.0,,3853629.99
3.0,1610.1,Delhi,14.0,"garden,security",7879576.97
4.0,1289.4,Pune,36.0,pool,4868327.97
5.0,1420.2,Mumbai,11.0,"gym,pool,security",11145931.07
,1083.4,Mumbai,15.0,garden,8150410.32
6.0,1228.2,Ahmedabad,13.0,gym,3684528.0
,1248.4,Delhi,21.0,"gym,lift,parking,security",6567171.34
4.0,1296.8,Kolkata,39.0,"parking,pool",3659683.52
3.0,1547.6,Hyderabad,23.0,"gym,parking",6921538.77
6.0,1449.8,Bangalore,19.0,lift,7415969.07
2.0,1219.9,Mumbai,31.0,"gym,parking",7851122.1
4.0,835.9,Pune,36.0,,3392135.34
1.0,1230.5,Pune,0.0,"pool,security",4751384.62
,1187.4,Hyderabad,53.0,,5170787.95
3.0,1286.9,Kolkata,54.0,"gym,lift,security",3984012.51
3.0,2192.9,Bangalore,36.0,,9096212.31
4.0,,Chennai,34.0,,3289385.4
3.0,1390.0,Bangalore,41.0,,7309920.12
6.0,1680.8,Chennai,26.0,,5602750.29
4.0,1244.1,Delhi,21.0,"garden,gym,lift,security",8110295.1
4.0,2252.0,Hyderabad,,"garden,gym,parking,security",8509726.12
1.0,1029.9,Chennai,9.0,"gym,lift,pool",3677773.68
1.0,1345.8,Chennai,50.0,"lift,parking,pool",5352274.0
3.0,840.5,Hyderabad,19.0,"garden,security",2820339.34
6.0,1041.8,Pune,17.0,"garden,lift,parking,security",5379149.96
6.0,1312.0,Chennai,57.0,"gym,parking,security",5128729.63
4.0,1580.8,Bangalore,30.0,"garden,gym,security",7153522.48
4.0,1343.6,Delhi,37.0,"gym,lift,parking,security",7379313.16
3.0,1766.6,Pune,14.0,,6416643.43
2.0,1157.3,Ahmedabad,16.0,"gym,pool",4418159.04
1.0,1050.5,Kolkata,43.0,"gym,lift,pool,security",4588938.86
3.0,2416.8,Pune,27.0,"garden,parking,security",9693720.97
2.0,1377.4,Ahmedabad,8.0,,5157752.52
2.0,876.2,Ahmedabad,50.0,"gym,parking,pool",2843019.31
2.0,887.6,Chennai,24.0,"gym,parking,security",3344461.28
1.0,775.8,Mumbai,40.0,gym,4167589.6
4.0,,Pune,20.0,"garden,security",5963200.98
6.0,1036.0,Chennai,33.0,garden,3799868.79
5.0,1257.3,Bangalore,46.0,lift,5639861.54
3.0,,Kolkata,53.0,"lift,parking",3111840.16
3.0,1529.2,Kolkata,12.0,"gym,parking",5758221.01
2.0,819.0,Bangalore,40.0,pool,3808285.14
1.0,,Hyderabad,54.0,"gym,lift,pool",2347050.73
4.0,1300.9,Delhi,38.0,"garden,gym,lift",8442806.53
4.0,1470.4,Delhi,,"garden,gym,parking,pool",6442180.86
1.0,1349.6,Bangalore,11.0,,8257863.56
3.0,835.7,Bangalore,,,3864057.42
2.0,1504.9,Bangalore,6.0,,7716548.74
2.0,865.3,Delhi,45.0,lift,3974815.13
5.0,965.3,Hyderabad,57.0,"garden,lift,parking,pool",3065939.32
4.0,775.2,Chennai,31.0,"lift,parking,pool,security",3112444.08
4.0,1785.5,Bangalore,35.0,pool,11548365.42
5.0,1485.0,Chennai,46.0,,4873523.76
6.0,1472.2,Bangalore,24.0,"garden,lift,parking,security",8085615.47
5.0,1761.2,Pune,28.0,"gym,lift,pool,security",7655359.26
4.0,2465.7,Pune,35.0,"gym,lift,parking,security",13887669.61
6.0,430.8,Ahmedabad,18.0,"garden,lift,security",1148880.39
3.0,867.7,Mumbai,3.0,,5768023.0
6.0,922.7,Kolkata,34.0,garden,2603925.42
5.0,817.1,Bangalore,49.0,,2767642.33
4.0,715.1,Mumbai,4.0,"garden,gym,parking,security",4695227.11
6.0,1065.2,Pune,12.0,"lift,pool",5794442.61
4.0,652.5,Delhi,,"garden,parking,pool,security",3364780.29
5.0,1350.8,Delhi,48.0,"garden,lift,parking,pool",8341445.28
2.0,1223.3,Ahmedabad,30.0,"garden,gym,pool,security",5294097.99
6.0,,Delhi,32.0,"gym,parking",7444310.06
4.0,1428.5,Chennai,38.0,"garden,gym,parking,security",5651385.55
,1471.4,Delhi,16.0,"garden,gym,lift,security",6585550.09
3.0,1032.0,Mumbai,42.0,,5261876.81
6.0,2154.5,Mumbai,1.0,"garden,gym,lift,pool",17264106.75
1.0,1305.5,Mumbai,6.0,"gym,parking,pool,security",9103552.51
1.0,361.9,Hyderabad,48.0,"garden,lift,parking,security",1120332.06
,748.9,Hyderabad,39.0,"garden,gym,lift",2913066.75
5.0,416.8,Mumbai,,"gym,pool",3884431.89
5.0,1207.8,Bangalore,26.0,"garden,gym,pool",5608067.1
3.0,1145.2,Bangalore,3.0,"gym,parking,pool",7652782.63
4.0,989.2,Chennai,40.0,parking,3429868.35
4.0,2104.9,Ahmedabad,45.0,"garden,lift,pool,security",9744077.96
6.0,1447.0,Pune,16.0,"lift,parking",4964063.46
4.0,1526.7,Ahmedabad,,"gym,lift",5311403.95
3.0,781.0,Delhi,14.0,security,3664882.23
6.0,,Delhi,23.0,"lift,parking,pool,security",4264562.99
1.0,1216.6,Kolkata,16.0,,4443340.64
6.0,1277.9,Bangalore,14.0,"garden,lift,parking,security",7168856.97
1.0,364.7,Kolkata,25.0,"garden,security",1197386.93
2.0,1118.9,Hyderabad,51.0,parking,3719812.55
5.0,,Delhi,45.0,"garden,parking,security",5485684.62
5.0,,Kolkata,17.0,,3266257.88
,834.0,Chennai,56.0,"garden,parking,security",2971250.57
5.0,,Kolkata,12.0,,2863691.97
4.0,1120.4,Hyderabad,,"gym,lift",3599421.34
3.0,1240.9,Delhi,18.0,"garden,lift,parking,pool",8510622.12
1.0,1472.2,Pune,32.0,"garden,parking,security",5810459.82
1.0,1686.4,Mumbai,12.0,,12895811.11
2.0,1067.5,Pune,45.0,"garden,parking,security",4344163.75
1.0,994.7,Hyderabad,19.0,"gym,lift,parking",4555649.31
4.0,1396.9,Kolkata,52.0,,4524590.66
5.0,1474.9,Kolkata,4.0,"lift,parking",4205509.25
6.0,1004.6,Hyderabad,30.0,parking,4098277.21
3.0,1555.7,Ahmedabad,9.0,gym,6969323.82
6.0,1640.8,Mumbai,53.0,"gym,lift",10462441.41
6.0,1781.3,Mumbai,25.0,"garden,gym,lift,pool",13923881.88
6.0,2000.2,Ahmedabad,40.0,"garden,security",7585624.59
3.0,810.1,Chennai,52.0,"parking,pool,security",2972818.23
2.0,1206.3,Hyderabad,32.0,,4458105.64
6.0,1205.1,Delhi,3.0,"gym,lift,parking",7568574.04
2.0,1155.9,Bangalore,13.0,,6211050.35
3.0,907.8,Pune,12.0,"gym,security",3015018.85
1.0,531.5,Kolkata,54.0,"gym,lift",1327343.9
5.0,1241.7,Ahmedabad,54.0,security,3780544.99
4.0,854.2,Hyderabad,28.0,,2865777.04
1.0,1238.7,Hyderabad,53.0,,5027338.34
2.0,842.7,Delhi,14.0,"gym,security",4136957.94
4.0,705.2,Mumbai,40.0,"gym,lift,parking",3381645.52
4.0,1305.4,Hyderabad,23.0,"garden,lift,parking,pool",6310817.68
5.0,1267.9,Chennai,14.0,lift,3651032.53
2.0,1460.7,Mumbai,15.0,,6717337.78
6.0,2183.6,Hyderabad,25.0,gym,9578847.61
3.0,1324.8,Pune,20.0,"garden,gym,pool,security",5791021.09
5.0,1418.3,Kolkata,12.0,,4647683.4
2.0,715.1,Ahmedabad,20.0,garden,2346843.01
,620.9,Bangalore,7.0,pool,2496153.86
1.0,1912.3,Hyderabad,58.0,"garden,gym,parking,security",6345628.34
3.0,784.4,Kolkata,22.0,,2013281.96
6.0,730.2,Pune,6.0,,2220741.84
1.0,1182.4,Bangalore,34.0,"garden,parking",5943137.13
3.0,1159.4,Pune,52.0,"parking,security",4076178.99
1.0,793.9,Delhi,21.0,"garden,lift,pool,security",4484108.63
6.0,1062.8,Hyderabad,50.0,,3805960.34
5.0,1753.2,Bangalore,36.0,"gym,lift,parking,pool",9718670.9
5.0,837.3,Ahmedabad,44.0,,2939690.12
5.0,572.8,Mumbai,17.0,,3392770.35
4.0,1624.2,Kolkata,,"gym,pool",5331329.24
5.0,1421.5,Bangalore,20.0,"lift,parking",7315412.58
1.0,920.8,Mumbai,55.0,"garden,gym,security",3723415.89
6.0,488.0,Pune,47.0,"garden,gym",1820534.08
5.0,864.9,Pune,47.0,"gym,lift,parking,pool",3352619.58
5.0,1175.4,Delhi,52.0,"gym,pool",6631343.85
3.0,1724.6,Mumbai,22.0,"garden,lift,pool",9490559.08
5.0,733.5,Mumbai,,"garden,gym,parking,security",4644472.14
3.0,1162.0,Hyderabad,55.0,"garden,pool",3756968.17
1.0,1503.8,Delhi,34.0,gym,8623335.02
6.0,300.0,Pune,17.0,"lift,parking",950226.32
2.0,1665.2,Mumbai,16.0,parking,9120455.8
1.0,667.9,Kolkata,52.0,"garden,gym,lift,parking",1922104.67
4.0,1349.4,Kolkata,3.0,"garden,gym,lift,pool",4248646.9
2.0,1311.0,Pune,,"garden,gym,pool,security",5346525.71
6.0,1688.1,Ahmedabad,44.0,"gym,lift,parking,pool",6871121.59
3.0,1447.9,Ahmedabad,0.0,"garden,parking,security",6092568.55
1.0,300.0,Mumbai,10.0,,1818172.88
6.0,846.8,Bangalore,59.0,security,4220221.95
4.0,1262.2,Kolkata,25.0,"garden,parking,security",3844603.87
2.0,1112.3,Bangalore,43.0,"garden,lift,parking,pool",5218703.54
5.0,1414.9,Pune,29.0,"gym,parking,security",5316380.15
4.0,1555.2,Kolkata,5.0,pool,5382650.54
1.0,1473.8,Ahmedabad,11.0,"garden,gym",4928899.11
5.0,1103.6,Bangalore,45.0,"garden,gym,lift,parking",5106808.27
3.0,369.1,Bangalore,5.0,parking,1893983.91
5.0,995.0,Mumbai,35.0,garden,6873683.61
6.0,1387.4,Bangalore,20.0,"gym,lift,pool,security",7841165.04
,709.3,Bangalore,22.0,"gym,lift,pool,security",4771422.48
5.0,1484.1,Hyderabad,57.0,,4781339.65
,1608.8,Hyderabad,36.0,"garden,parking",4814152.74
2.0,1257.1,Kolkata,36.0,"gym,lift",4343338.44
3.0,300.0,Kolkata,21.0,security,791373.13
6.0,624.9,Pune,22.0,security,2215767.35
4.0,2048.8,Mumbai,41.0,gym,9786504.95
3.0,954.1,Hyderabad,2.0,"gym,lift,parking,security",3529236.24
5.0,307.1,Pune,14.0,"gym,pool,security",1015073.75
6.0,1755.9,Delhi,,"gym,lift,pool,security",9276709.57
6.0,1206.0,Hyderabad,37.0,"garden,lift,pool",4453630.67
2.0,1697.2,Pune,5.0,,6977642.54
,1324.6,Kolkata,47.0,security,4537736.31
4.0,1406.4,Kolkata,32.0,"gym,lift,pool",4931844.24
3.0,1363.4,Hyderabad,14.0,"garden,lift,parking,pool",4479819.05
,1513.9,Hyderabad,45.0,,5766834.49
1.0,2224.8,Hyderabad,59.0,,9116595.89
2.0,1637.0,Pune,25.0,"garden,parking,pool,security",6977548.61
4.0,488.8,Hyderabad,17.0,"garden,gym,lift,pool",2097756.75
6.0,1401.0,Hyderabad,17.0,"garden,lift,pool,security",6085631.09
6.0,1713.7,Delhi,35.0,,8319388.75
2.0,1741.2,Hyderabad,2.0,"lift,pool",6934644.17
5.0,1008.0,Delhi,29.0,"lift,parking,pool",6374295.28
1.0,1724.2,Chennai,1.0,"gym,lift,security",6222476.55
5.0,1617.5,Ahmedabad,2.0,"garden,pool",4952462.35
3.0,2357.6,Kolkata,25.0,"parking,security",7756707.05
3.0,862.5,Hyderabad,44.0,"parking,pool,security",2689832.26
5.0,971.7,Ahmedabad,53.0,"gym,parking",2168181.45
3.0,1062.2,Ahmedabad,5.0,"garden,gym,security",3425311.75
5.0,979.4,Hyderabad,14.0,"garden,lift,parking",4903214.83
4.0,799.5,Kolkata,25.0,"parking,security",2191150.23
6.0,300.0,Bangalore,34.0,garden,1386924.31
4.0,1004.4,Ahmedabad,,"lift,parking,pool,security",2409161.55
2.0,1366.2,Bangalore,41.0,,6581795.37
5.0,978.1,Bangalore,32.0,,4372193.38
3.0,2070.9,Delhi,3.0,"gym,lift,parking",10808716.22
4.0,1206.0,Kolkata,4.0,"garden,lift,security",4090726.19
1.0,1781.0,Bangalore,9.0,"garden,gym,parking,security",9787801.76
1.0,1317.6,Kolkata,,"garden,parking,pool,security",3620167.31
4.0,1571.9,Mumbai,19.0,gym,10450423.83
2.0,1325.7,Chennai,14.0,"gym,pool,security",6294661.04
6.0,1816.0,Hyderabad,40.0,"garden,gym,pool",7142446.91
6.0,1225.2,Hyderabad,48.0,"garden,gym,pool",4229380.58
5.0,1423.3,Delhi,26.0,,6982924.35
5.0,1364.8,Mumbai,52.0,security,9346094.3
4.0,1070.3,Bangalore,44.0,pool,4011977.24
1.0,1382.2,Hyderabad,42.0,pool,5326556.5
3.0,2205.5,Kolkata,52.0,"garden,pool,security",6402830.37
3.0,1078.3,Hyderabad,11.0,"garden,parking,pool",4488354.44
6.0,1388.8,Delhi,45.0,,6332220.51
2.0,1766.0,Bangalore,,"gym,lift,pool,security",8143452.83
3.0,1713.1,Chennai,59.0,"garden,gym,parking",7881724.08
3.0,1205.3,Hyderabad,34.0,,3578267.28
1.0,300.0,Ahmedabad,45.0,"garden,lift,security",991500.07
1.0,1432.5,Hyderabad,53.0,"gym,parking",6672538.94
,300.0,Chennai,51.0,lift,603649.04
1.0,1861.5,Mumbai,53.0,"gym,lift,pool",9712428.25
1.0,1276.3,Delhi,49.0,"gym,lift,parking,pool",5726500.41
3.0,1649.9,Kolkata,,"lift,security",4753364.6
2.0,794.0,Bangalore,43.0,pool,3511143.58
4.0,,Hyderabad,24.0,garden,1927696.84
1.0,1317.3,Chennai,48.0,pool,3873490.62
2.0,1184.9,Mumbai,48.0,"parking,security",6301967.27
3.0,978.8,Chennai,56.0,security,2769013.72
6.0,1238.1,Bangalore,35.0,"garden,lift,security",6064886.07
4.0,2445.3,Delhi,28.0,"parking,security",17822717.07
6.0,1575.5,Hyderabad,9.0,"gym,lift,pool",5657281.85
3.0,1672.3,Hyderabad,38.0,lift,5381279.4
3.0,1579.8,Delhi,33.0,"garden,gym,security",7362841.02
3.0,1865.8,Chennai,30.0,"garden,lift,security",7957808.57
6.0,1114.5,Pune,40.0,,4226078.44
6.0,300.0,Bangalore,51.0,"lift,security",984748.52
6.0,1115.1,Ahmedabad,8.0,,3514120.43
5.0,1565.3,Chennai,25.0,lift,5022826.83
4.0,763.6,Kolkata,43.0,"lift,pool",2458755.9
4.0,1120.6,Mumbai,,pool,9890240.61
,,Kolkata,46.0,"gym,parking",3190317.0
2.0,1875.9,Bangalore,47.0,"garden,lift,security",9355854.15
3.0,1537.3,Pune,51.0,"gym,lift,pool,security",5877471.56
6.0,,Kolkata,57.0,"gym,parking",3755725.26
3.0,1479.7,Bangalore,36.0,"pool,security",8096867.92
2.0,1183.2,Bangalore,14.0,lift,6404007.62
4.0,1288.9,Mumbai,33.0,"garden,pool",7599954.37
2.0,666.7,Chennai,42.0,,2594636.3
6.0,,Kolkata,,gym,1079134.73
6.0,1267.5,Hyderabad,45.0,,5089358.74
2.0,1345.8,Delhi,32.0,"garden,gym",7350987.88
4.0,1744.2,Bangalore,56.0,,7681567.99
6.0,1907.1,Hyderabad,12.0,"garden,gym,security",6707188.76
5.0,1906.5,Ahmedabad,54.0,,6002698.24
2.0,750.9,Mumbai,26.0,"gym,lift",5172055.41
4.0,1041.5,Bangalore,34.0,,4491241.0
4.0,1416.2,Pune,39.0,"gym,parking",6090982.53
4.0,2339.4,Delhi,34.0,"garden,parking",10738391.15
1.0,1866.0,Ahmedabad,54.0,"gym,lift,security",7085539.42
2.0,1703.7,Ahmedabad,10.0,"garden,parking",6113039.62
6.0,1025.5,Hyderabad,43.0,"gym,security",3071328.8
2.0,802.6,Pune,58.0,,2811493.06
2.0,1555.0,Kolkata,13.0,"garden,parking,security",6041496.86
2.0,704.7,Pune,15.0,"garden,lift,pool,security",2617124.41
2.0,1092.7,Delhi,28.0,"lift,security",5020752.49
1.0,1148.3,Mumbai,43.0,"lift,security",6893650.12
3.0,1916.8,Bangalore,57.0,"gym,lift,parking",13219755.19
6.0,1040.4,Delhi,47.0,"garden,lift",4711489.71
,,Bangalore,,security,899616.64
2.0,1427.0,Pune,26.0,,6391202.63
,885.4,Chennai,38.0,,2752394.21
4.0,1219.2,Delhi,12.0,"gym,lift",6742794.84
2.0,1161.0,Mumbai,27.0,"parking,pool,security",7027305.2
5.0,1076.8,Delhi,11.0,gym,5381100.69
,1555.7,Hyderabad,1.0,"garden,security",5143991.01
5.0,510.2,Kolkata,51.0,"gym,lift,pool,security",1171930.33
4.0,967.3,Bangalore,48.0,,4887630.03
3.0,1507.8,Bangalore,30.0,lift,7302594.44
6.0,923.7,Chennai,0.0,,3918291.79
3.0,476.0,Mumbai,5.0,"garden,pool",3357831.31
6.0,1500.8,Delhi,6.0,parking,8063338.2
,1705.4,Mumbai,43.0,"garden,lift",9862302.41
4.0,1179.8,Chennai,12.0,"garden,pool",4200075.68
5.0,317.6,Hyderabad,15.0,garden,1013146.6
2.0,1517.7,Chennai,51.0,"garden,gym,lift,security",5690189.86
5.0,,Chennai,52.0,,1363537.13
5.0,1339.0,Hyderabad,45.0,"garden,parking,pool",6636374.0
6.0,800.6,Kolkata,18.0,"garden,parking,pool,security",2974543.68
2.0,,Ahmedabad,34.0,,1808441.45
5.0,1001.1,Mumbai,12.0,security,5023789.16
3.0,1117.5,Ahmedabad,51.0,,3048164.41
2.0,910.1,Delhi,5.0,,5059909.69
2.0,1464.9,Delhi,44.0,lift,7150139.23
4.0,999.3,Chennai,30.0,"gym,lift,pool,security",4201638.06
2.0,1641.1,Mumbai,45.0,"gym,parking",9864520.52
1.0,1326.5,Bangalore,27.0,"garden,gym,parking,pool",7871853.77
3.0,886.1,Delhi,9.0,"garden,parking,pool",3917921.82
4.0,810.3,Hyderabad,45.0,lift,3783327.22
2.0,458.6,Kolkata,37.0,"garden,gym,parking,pool",1157033.67
6.0,1330.8,Ahmedabad,27.0,lift,4761732.52
,1040.4,Delhi,22.0,"lift,parking,pool,security",5654056.4
4.0,300.0,Chennai,20.0,"garden,parking",1059099.51
6.0,958.9,Hyderabad,28.0,parking,3369240.65
3.0,794.5,Hyderabad,15.0,"gym,lift,security",3140873.06
1.0,1909.1,Pune,16.0,"garden,lift,pool",8813542.07
,433.7,Ahmedabad,16.0,parking,1455219.93
6.0,551.4,Hyderabad,0.0,"garden,security",2958470.35
6.0,1699.5,Mumbai,55.0,"garden,lift,parking",11325812.54
5.0,1810.5,Ahmedabad,14.0,"garden,lift,pool,security",8842589.34
1.0,864.8,Ahmedabad,9.0,"garden,gym",2760171.76
2.0,915.6,Bangalore,9.0,,5178647.2
1.0,1477.3,Chennai,59.0,"garden,gym",5761557.66
1.0,300.0,Kolkata,28.0,,587468.11
2.0,362.5,Chennai,19.0,gym,1224607.53
4.0,1073.7,Hyderabad,24.0,parking,4312009.65
1.0,1897.5,Ahmedabad,5.0,security,6347837.67
6.0,1003.9,Kolkata,18.0,security,3363404.99
3.0,1245.4,Chennai,14.0,,5363246.23
2.0,1710.2,Delhi,48.0,pool,8615713.76
4.0,,Hyderabad,3.0,"garden,parking,pool,security",5981570.11
5.0,940.4,Pune,25.0,"lift,parking",4825831.4
2.0,1192.4,Bangalore,47.0,"gym,lift,security",5431560.46
1.0,2019.9,Chennai,50.0,security,6486034.27
1.0,515.0,Pune,30.0,gym,1639171.33
6.0,1662.4,Mumbai,13.0,security,9970235.95
1.0,741.8,Chennai,20.0,garden,2280195.44
4.0,1246.1,Pune,13.0,"gym,pool",4550877.11
3.0,1090.8,Delhi,39.0,lift,4955114.4
,768.9,Chennai,17.0,,3036502.29
1.0,757.6,Pune,37.0,"garden,lift,security",4135121.52
6.0,1324.4,Mumbai,39.0,pool,9039983.69
5.0,1648.0,Pune,56.0,lift,7336385.87
3.0,1141.6,Bangalore,,"garden,gym,lift,parking",5770455.16
2.0,1231.6,Hyderabad,57.0,,4242848.96
6.0,1457.0,Pune,24.0,"garden,gym,parking,security",6774793.14
2.0,762.8,Mumbai,40.0,parking,3782555.96
3.0,1532.9,Mumbai,39.0,"garden,lift,pool,security",9501050.13
3.0,1568.7,Hyderabad,49.0,"gym,pool",6901485.19
2.0,2371.6,Ahmedabad,28.0,"gym,lift,parking,security",10023044.67
3.0,1030.8,Mumbai,47.0,,5982977.36
1.0,993.9,Kolkata,21.0,"garden,pool,security",2482028.99
,1546.0,Mumbai,29.0,"garden,lift,parking,pool",9926952.62
2.0,,Hyderabad,29.0,parking,4785314.64
1.0,959.2,Hyderabad,42.0,"gym,security",3775972.02
3.0,1018.6,Hyderabad,37.0,,3595731.95
6.0,1443.5,Mumbai,4.0,,8769785.2
1.0,827.6,Kolkata,48.0,"garden,gym,lift,parking",2759248.41
1.0,1015.3,Bangalore,45.0,security,4812195.2
1.0,1240.3,Kolkata,6.0,security,4090901.02
4.0,1648.2,Pune,57.0,lift,5275091.7
2.0,927.9,Chennai,39.0,"gym,lift,security",3066878.39
3.0,370.9,Bangalore,5.0,"garden,lift,parking,security",2047449.96
1.0,337.5,Pune,29.0,,1579713.79
2.0,633.3,Ahmedabad,50.0,,1868925.18
3.0,609.1,Ahmedabad,16.0,"garden,gym,security",2238247.26
3.0,1130.4,Ahmedabad,55.0,gym,3945834.79
4.0,665.0,Delhi,25.0,,3174942.41
5.0,883.8,Chennai,13.0,"gym,lift,parking,pool",4296670.61
3.0,851.7,Hyderabad,21.0,,3631478.02
,1001.8,Ahmedabad,31.0,,4044424.24
4.0,1795.1,Ahmedabad,41.0,,6963133.2
2.0,1497.9,Kolkata,55.0,"lift,parking,pool,security",7017466.84
2.0,,Delhi,11.0,"lift,parking,pool,security",6250400.07
2.0,992.5,Bangalore,57.0,,5647755.75
4.0,1005.0,Pune,31.0,,4183160.94
2.0,1347.5,Pune,7.0,"garden,gym,parking,pool",7352674.27
6.0,1462.9,Bangalore,55.0,,6054723.1
3.0,791.6,Delhi,20.0,"pool,security",4786725.88
6.0,1216.4,Delhi,37.0,"gym,pool",8011189.27
5.0,300.0,Pune,41.0,"gym,pool",814195.45
3.0,1295.3,Hyderabad,0.0,"garden,parking,pool,security",5376287.07
2.0,1543.0,Hyderabad,13.0,,4412467.82
5.0,1074.0,Kolkata,41.0,"garden,lift,pool",3319061.87
2.0,2017.4,Mumbai,19.0,,10992014.99
2.0,803.4,Kolkata,0.0,,2503579.3
,1297.8,Bangalore,1.0,"garden,lift,parking",10861753.11
3.0,1183.9,Ahmedabad,49.0,"garden,security",5063591.01
1.0,1154.9,Ahmedabad,9.0,"garden,parking,pool,security",3295613.13
3.0,1148.6,Chennai,6.0,,4703289.84
3.0,,Bangalore,,lift,6630687.88
6.0,1581.6,Delhi,7.0,"gym,parking,security",8519006.84
5.0,1820.0,Delhi,39.0,"garden,gym,lift,security",10572689.66
2.0,1199.0,Ahmedabad,32.0,,4260612.21
1.0,1566.9,Delhi,38.0,"gym,pool",6869041.89
4.0,884.2,Hyderabad,29.0,"garden,pool",2909255.98
1.0,1544.7,Hyderabad,46.0,,5675466.23
2.0,857.1,Pune,38.0,"gym,lift",3308534.56
1.0,1690.8,Kolkata,24.0,security,4586684.45
1.0,2194.8,Chennai,0.0,lift,7518745.2
6.0,1145.1,Kolkata,16.0,"garden,pool,security",3725691.6
1.0,300.0,Chennai,7.0,,1263210.95
1.0,953.4,Hyderabad,0.0,"garden,security",3928588.33
6.0,1754.3,Delhi,16.0,"gym,lift,parking,pool",12712774.59
2.0,1448.9,Delhi,12.0,"gym,lift,parking,pool",7434497.1
5.0,1312.0,Hyderabad,4.0,"garden,pool,security",5828531.75
1.0,1653.9,Mumbai,18.0,"garden,lift",10248338.51
,1418.0,Bangalore,30.0,,7148067.18
1.0,1748.0,Hyderabad,10.0,"garden,gym,lift,parking",6603953.04
5.0,1613.7,Hyderabad,16.0,lift,8536325.01
4.0,1884.8,Kolkata,1.0,garden,4830950.98
3.0,1361.5,Ahmedabad,3.0,"gym,lift",5953665.67
2.0,1607.4,Pune,9.0,"garden,gym,lift,parking",7453180.37
1.0,1061.8,Mumbai,27.0,"pool,security",7384570.25
4.0,929.3,Hyderabad,39.0,"garden,gym,lift,security",4412539.84
2.0,1968.0,Pune,47.0,"garden,security",8869701.79
4.0,1297.3,Chennai,37.0,"gym,lift",4353504.94
5.0,1562.2,Hyderabad,37.0,"garden,pool,security",6857300.28
,1255.7,Hyderabad,56.0,gym,5699526.89
3.0,936.1,Hyderabad,15.0,"gym,parking,security",3293081.75
1.0,1204.9,Chennai,47.0,"parking,security",6392331.87
2.0,1846.2,Delhi,56.0,,9564680.89
6.0,1449.9,Chennai,34.0,garden,4792805.03
4.0,429.8,Delhi,50.0,security,1394625.62
4.0,1103.1,Pune,8.0,"gym,lift,parking,security",4942558.12
3.0,2002.0,Kolkata,,"lift,pool,security",4901447.61
1.0,1103.8,Chennai,33.0,"garden,lift,parking",4030917.34
6.0,389.8,Hyderabad,13.0,"garden,parking,pool",1491605.26
5.0,2051.9,Ahmedabad,3.0,,5921719.07
6.0,1507.1,Pune,,"garden,parking,pool",6813172.46
6.0,1168.5,Hyderabad,25.0,,4169037.5
2.0,1032.9,Mumbai,18.0,"lift,parking,pool,security",6397863.25
2.0,1687.1,Mumbai,23.0,garden,10264318.48
2.0,956.1,Delhi,59.0,"garden,gym,parking,pool",5138815.46
6.0,1716.7,Delhi,25.0,pool,9011414.53
4.0,1444.0,Pune,4.0,parking,5368124.16
3.0,1310.1,Chennai,16.0,"gym,parking",4855556.78
6.0,1265.5,Ahmedabad,8.0,"garden,gym,lift,security",4342482.77
4.0,1121.3,Chennai,41.0,,3272355.56
6.0,1670.5,Ahmedabad,48.0,"garden,gym,parking,security",5532438.2
6.0,,Chennai,50.0,"gym,pool",2935445.29
1.0,470.1,Bangalore,37.0,garden,2231315.56
3.0,1476.5,Pune,46.0,,5499507.51
5.0,1484.1,Hyderabad,25.0,parking,6343415.27
5.0,1416.1,Bangalore,37.0,,5841431.78
1.0,1383.5,Hyderabad,6.0,"lift,parking,pool,security",5176673.56
2.0,1055.8,Pune,32.0,"lift,parking,pool",4190069.37
4.0,1554.4,Hyderabad,33.0,"gym,lift,pool",7814654.2
5.0,,Pune,1.0,"garden,security",4998375.3
1.0,980.8,Ahmedabad,32.0,"garden,lift,parking,security",3354949.43
4.0,1059.6,Hyderabad,43.0,"lift,parking",4584780.69
2.0,2109.3,Bangalore,22.0,"garden,gym,lift,parking",10760888.71
,419.3,Hyderabad,32.0,"garden,lift,parking,security",2095824.15
4.0,1424.9,Kolkata,17.0,"gym,lift,parking",4325336.16
3.0,444.4,Delhi,,"garden,gym,lift,security",2020296.73
4.0,1151.3,Ahmedabad,,,3902667.32
2.0,1004.9,Hyderabad,19.0,gym,3803665.22
5.0,300.0,Kolkata,48.0,,464076.16
1.0,1375.1,Kolkata,56.0,"garden,gym,lift,parking",6419110.42
6.0,1029.0,Kolkata,38.0,"parking,security",3148020.95
1.0,300.0,Ahmedabad,37.0,garden,883272.0
5.0,1577.8,Delhi,36.0,"gym,lift,parking,pool",8188835.13
3.0,1845.8,Chennai,28.0,"gym,lift,parking,security",6513443.66
3.0,1870.6,Mumbai,25.0,"gym,security",14147943.57
1.0,1361.5,Bangalore,37.0,"garden,lift,pool,security",5493089.43
5.0,1220.7,Mumbai,47.0,parking,6195169.25
1.0,1797.7,Pune,24.0,"lift,security",7158209.32
4.0,,Chennai,33.0,,8421471.19
5.0,1710.1,Pune,28.0,,6497114.26
6.0,776.3,Delhi,17.0,"garden,security",4384329.65
5.0,1290.6,Bangalore,17.0,,6256380.96
2.0,1397.8,Pune,4.0,security,6918236.53
5.0,385.7,Kolkata,,"garden,lift,parking,pool",978710.67
5.0,1411.2,Ahmedabad,42.0,"garden,pool",4989881.06
2.0,2222.8,Mumbai,41.0,lift,13361409.96
1.0,1488.0,Hyderabad,59.0,lift,5999674.06
6.0,1863.0,Mumbai,2.0,"garden,security",10926608.57
1.0,1282.3,Kolkata,45.0,,3880862.01
4.0,1167.1,Mumbai,47.0,"garden,gym,parking,security",7302172.19
2.0,1371.6,Kolkata,26.0,"parking,pool,security",3952973.96
1.0,832.9,Delhi,,"garden,lift",3809300.4
5.0,766.3,Mumbai,21.0,gym,4282132.14
1.0,1769.8,Ahmedabad,40.0,"gym,security",6155112.91
5.0,1817.6,Hyderabad,51.0,"garden,pool",6261362.12
5.0,754.0,Hyderabad,38.0,parking,2539153.22
1.0,1635.6,Pune,30.0,garden,4965077.7
2.0,1160.9,Bangalore,39.0,"gym,parking,pool",5627706.94
5.0,,Pune,4.0,"garden,gym,pool,security",6985111.0
4.0,1407.1,Hyderabad,36.0,"gym,security",5889622.06
1.0,1647.5,Bangalore,2.0,"garden,gym,pool,security",8781121.72
,1237.2,Hyderabad,57.0,"garden,gym,security",4953144.4
2.0,1834.6,Mumbai,53.0,"lift,pool",10230214.44
1.0,1339.2,Bangalore,30.0,"parking,pool,security",8579862.2
6.0,,Chennai,22.0,"gym,lift,parking,pool",7694527.9
1.0,,Delhi,43.0,"garden,lift,pool",4182422.89
4.0,2171.4,Mumbai,38.0,"gym,lift,security",21227098.85
6.0,1411.4,Pune,42.0,gym,4926849.74
4.0,,Hyderabad,30.0,"garden,gym,lift,security",5214788.43
4.0,476.3,Delhi,14.0,"gym,lift",2175066.44
3.0,829.8,Pune,4.0,pool,3414892.7
1.0,1757.0,Kolkata,,"garden,lift",8186390.71
4.0,1329.1,Mumbai,31.0,,7677401.56
6.0,338.8,Delhi,25.0,"gym,parking,pool,security",1485847.45
1.0,,Bangalore,30.0,"garden,lift,parking",7518884.82
6.0,955.3,Pune,16.0,,4465078.49
3.0,1835.1,Mumbai,56.0,"garden,gym,pool,security",13870111.91
4.0,1160.5,Kolkata,22.0,garden,3395819.24
,1292.1,Bangalore,50.0,"gym,lift,pool",4821402.81
4.0,1730.5,Delhi,23.0,"garden,gym,parking,pool",8455389.11
2.0,796.1,Kolkata,26.0,"gym,parking,pool,security",3433269.79
2.0,753.2,Mumbai,36.0,,4564514.42
5.0,1111.6,Delhi,15.0,gym,5796311.74
1.0,1572.2,Ahmedabad,13.0,"garden,gym,lift,parking",7535950.71
3.0,601.1,Chennai,22.0,"garden,gym,lift,security",3078890.44
4.0,449.4,Hyderabad,48.0,garden,1331892.09
1.0,,Pune,8.0,security,6286153.69
2.0,928.7,Pune,26.0,"garden,gym",3277640.91
3.0,1023.5,Chennai,40.0,"garden,gym,lift,pool",3439840.29
4.0,364.4,Mumbai,42.0,"garden,gym,lift,parking",1225709.65
6.0,894.5,Chennai,26.0,,2448884.27
6.0,1196.6,Bangalore,4.0,garden,4853419.48
2.0,,Kolkata,0.0,"lift,parking",6616417.62
1.0,852.9,Chennai,28.0,"gym,lift,parking,security",2477770.53
1.0,1945.8,Mumbai,48.0,"lift,parking,security",16920516.14
4.0,891.9,Ahmedabad,1.0,"lift,parking",2658144.68
1.0,892.6,Bangalore,53.0,"garden,pool",4998482.32
2.0,1891.8,Bangalore,,gym,8470401.31
6.0,1295.2,Ahmedabad,0.0,"parking,pool,security",3697159.36
6.0,951.6,Kolkata,20.0,gym,3546822.2
6.0,1130.2,Kolkata,13.0,"gym,pool",4582421.0
2.0,1808.9,Pune,56.0,"garden,gym,parking,pool",6687352.38
4.0,1859.8,Ahmedabad,33.0,"garden,security",5951062.48
4.0,832.4,Mumbai,19.0,"parking,pool",4613428.37
2.0,1180.9,Chennai,16.0,"garden,gym,pool,security",4500246.71
4.0,1240.6,Bangalore,33.0,"garden,lift,security",6169830.2
4.0,756.2,Hyderabad,0.0,"garden,security",2763570.83
3.0,1174.9,Delhi,15.0,,4622964.19
5.0,1202.4,Delhi,9.0,gym,5830902.37
5.0,1713.1,Hyderabad,37.0,,6936571.92
4.0,1743.3,Ahmedabad,40.0,"garden,lift",5641076.29
,,Pune,28.0,"garden,lift,pool,security",4106333.08
5.0,1103.7,Bangalore,8.0,pool,4947026.31
,1498.9,Hyderabad,22.0,,5032214.72
2.0,936.7,Chennai,50.0,"garden,lift,parking",4174766.37
5.0,,Delhi,12.0,,6480324.28
5.0,1160.4,Chennai,9.0,"garden,gym,lift,parking",5109582.69
6.0,763.8,Pune,6.0,"gym,parking,pool,security",3426068.72
1.0,769.4,Delhi,,"garden,lift,parking",3974268.92
3.0,1851.2,Chennai,7.0,"gym,parking,pool,security",6784916.58
6.0,1129.6,Pune,34.0,garden,4187971.37
4.0,1938.2,Chennai,59.0,garden,6667160.06
6.0,968.9,Bangalore,38.0,pool,4190547.71
1.0,1331.0,Chennai,24.0,"garden,gym,lift,pool",5461059.94
1.0,2276.7,Kolkata,12.0,"garden,gym,pool",8317893.37
5.0,724.2,Delhi,0.0,,5435266.64
3.0,346.0,Chennai,9.0,garden,1373004.2
4.0,1779.0,Pune,57.0,"garden,gym,pool,security",5616114.73
3.0,827.9,Bangalore,8.0,garden,4964599.66
3.0,1190.7,Hyderabad,1.0,"gym,parking,pool",4922259.56
6.0,936.3,Ahmedabad,48.0,"garden,gym,security",4306546.55
1.0,1320.7,Bangalore,25.0,"gym,parking,pool,security",8643971.62
5.0,772.3,Chennai,21.0,,2492917.88
6.0,1119.0,Delhi,43.0,"garden,gym,pool",6650261.61
4.0,1402.4,Ahmedabad,31.0,gym,4123084.0
3.0,746.3,Chennai,54.0,gym,2203100.15
1.0,885.0,Kolkata,28.0,"gym,lift,parking,security",3272621.34
5.0,1043.7,Chennai,42.0,"lift,parking",4343088.25
3.0,557.0,Bangalore,52.0,garden,2370987.25
1.0,1009.8,Bangalore,27.0,lift,4902290.83
3.0,1253.5,Pune,17.0,,7352219.23
6.0,1020.2,Kolkata,,,2469582.78
2.0,1077.9,Delhi,13.0,,4423974.9
2.0,1191.0,Kolkata,2.0,garden,2869492.51
5.0,904.9,Kolkata,34.0,"gym,lift,pool,security",3590024.38
2.0,1511.0,Mumbai,59.0,"garden,pool,security",9565947.47
,1846.2,Mumbai,5.0,"parking,pool,security",12881258.79
6.0,991.0,Pune,50.0,"gym,parking,security",3566216.17
6.0,1418.3,Kolkata,49.0,,3937918.43
6.0,1092.2,Hyderabad,55.0,"garden,security",3331180.22
2.0,,Pune,25.0,,5660311.0
2.0,1904.6,Ahmedabad,15.0,,6139022.44
3.0,1428.9,Bangalore,30.0,,7360305.1
3.0,402.0,Delhi,8.0,"garden,gym,parking,security",2225787.14
6.0,1404.3,Ahmedabad,50.0,,3988921.44
5.0,1754.8,Bangalore,39.0,,6476618.14
4.0,1100.3,Hyderabad,28.0,"gym,parking,security",3356042.39
,1648.0,Hyderabad,30.0,garden,10091340.73
4.0,889.4,Chennai,42.0,,3651594.57
3.0,531.5,Bangalore,31.0,pool,2768981.87
3.0,,Pune,50.0,"gym,lift",4380145.1
4.0,409.6,Pune,55.0,"gym,security",1152506.01
1.0,1092.1,Delhi,56.0,parking,4564956.31
5.0,1779.1,Hyderabad,37.0,,5240484.19
4.0,340.6,Mumbai,44.0,"parking,pool",1449517.27
5.0,624.2,Delhi,18.0,,3696071.66
4.0,735.6,Ahmedabad,,"parking,pool,security",2909367.82
5.0,1171.5,Chennai,24.0,"parking,pool",3784160.73
6.0,1035.4,Chennai,52.0,,3249502.44
4.0,1829.6,Ahmedabad,8.0,"gym,pool,security",7277614.44
3.0,1629.5,Pune,32.0,,5738870.83
1.0,1422.9,Kolkata,11.0,"lift,pool",4986662.75
5.0,1265.5,Pune,25.0,,6066400.28
6.0,1377.0,Hyderabad,8.0,security,5589864.69
5.0,812.1,Pune,44.0,"lift,parking,security",3138759.27
6.0,1585.7,Bangalore,48.0,"gym,lift,pool",7044353.52
6.0,699.6,Ahmedabad,45.0,,1951374.79
5.0,1575.9,Delhi,42.0,pool,6720677.17
4.0,1733.8,Ahmedabad,14.0,"lift,parking",4773068.09
1.0,1294.9,Ahmedabad,31.0,"lift,security",4477511.7
1.0,1120.7,Delhi,6.0,security,6766930.9
2.0,1380.1,Pune,22.0,"garden,parking",4684606.03
3.0,300.0,Ahmedabad,30.0,"garden,parking,security",943726.63
5.0,1336.0,Chennai,40.0,"parking,pool,security",5538453.26
3.0,,Bangalore,5.0,"garden,parking",4587203.36
,1177.2,Ahmedabad,48.0,"garden,pool,security",3618597.3
2.0,1517.9,Chennai,27.0,"parking,security",7471702.37
6.0,1166.4,Mumbai,52.0,"lift,security",7541047.98
6.0,686.9,Delhi,31.0,"garden,gym,pool,security",2704270.97
3.0,1136.4,Pune,32.0,,4585194.31
5.0,1230.4,Hyderabad,41.0,,3820155.28
5.0,1251.7,Delhi,49.0,gym,6792476.99
6.0,1272.9,Kolkata,9.0,,3301048.52
,1667.7,Mumbai,30.0,"gym,lift,pool,security",11184383.62
4.0,711.3,Delhi,1.0,"gym,parking,pool,security",3799026.52
3.0,1279.1,Hyderabad,28.0,,4780015.93
4.0,1780.5,Mumbai,48.0,"garden,pool",10304301.58
2.0,419.4,Hyderabad,51.0,,1048612.22
3.0,1280.8,Ahmedabad,17.0,lift,3523394.34
4.0,936.6,Ahmedabad,23.0,"garden,parking",3329846.76
4.0,1033.2,Kolkata,33.0,,3285902.43
4.0,792.8,Bangalore,23.0,"garden,pool,security",3032186.95
3.0,1123.7,Mumbai,10.0,"gym,pool,security",8683566.8
3.0,2028.6,Kolkata,18.0,"parking,pool",6335110.43
1.0,631.0,Bangalore,24.0,"gym,parking,pool,security",3059763.76
4.0,673.7,Pune,31.0,"garden,parking,pool",3015850.83
4.0,614.1,Mumbai,55.0,"garden,gym,lift,parking",3658468.78
6.0,1977.3,Pune,32.0,"lift,parking,security",10146468.29
4.0,991.9,Chennai,23.0,"garden,parking",3627818.8
3.0,1188.5,Ahmedabad,39.0,,4609698.27
1.0,1018.7,Mumbai,46.0,parking,6032510.34
2.0,775.0,Hyderabad,25.0,,2952279.6
3.0,1094.2,Ahmedabad,29.0,,3469850.46
3.0,2306.2,Hyderabad,13.0,"lift,parking,pool,security",11931568.72
3.0,1826.4,Pune,51.0,garden,7920561.46
3.0,816.2,Delhi,52.0,"lift,pool,security",3813916.52
5.0,1491.4,Pune,10.0,"garden,lift,parking,security",5897712.02
1.0,825.8,Bangalore,20.0,,3838033.92
2.0,400.6,Chennai,16.0,"garden,gym,lift,security",1362132.22
1.0,1658.8,Ahmedabad,55.0,"garden,pool,security",4760558.18
,1722.0,Pune,3.0,pool,5110535.98
5.0,1670.7,Hyderabad,12.0,,5435709.61
1.0,,Delhi,18.0,"garden,lift,security",7637081.53
3.0,1125.0,Bangalore,33.0,"garden,parking,security",4965283.04
1.0,1537.4,Kolkata,14.0,,7183108.68
6.0,1376.2,Delhi,32.0,"parking,security",7351739.31
5.0,1022.9,Pune,44.0,,3772817.78
2.0,471.4,Hyderabad,49.0,"garden,gym",994751.52
2.0,1251.2,Bangalore,5.0,"garden,lift,parking,pool",6750540.08
,1685.6,Pune,8.0,pool,8973734.17
3.0,661.1,Bangalore,5.0,"garden,gym,pool,security",4479925.04
5.0,1487.4,Bangalore,54.0,garden,7289416.89
4.0,1349.2,Chennai,39.0,"garden,lift,pool",4066749.2
6.0,1537.6,Kolkata,31.0,,3971868.31
3.0,1592.4,Kolkata,47.0,,4065437.24
2.0,887.5,Pune,35.0,pool,4289257.66
3.0,472.4,Pune,14.0,"garden,gym,parking",2541158.77
2.0,959.9,Kolkata,30.0,lift,2835591.67
6.0,1600.1,Bangalore,42.0,,7000565.0
2.0,956.1,Bangalore,2.0,"gym,lift,parking,security",6829058.59
3.0,887.7,Hyderabad,36.0,lift,2836195.47
4.0,380.4,Pune,29.0,"gym,lift,parking,pool",1323783.22
1.0,1988.7,Pune,4.0,,8508158.72
3.0,1571.6,Delhi,15.0,"garden,gym,lift,parking",7923772.19
3.0,1546.5,Kolkata,26.0,,4202967.21
2.0,1635.5,Bangalore,20.0,"garden,lift,pool,security",7658652.13
1.0,1459.5,Ahmedabad,17.0,lift,5918676.86
1.0,1090.1,Pune,38.0,"garden,gym,parking,pool",6251422.62
1.0,1126.3,Ahmedabad,24.0,"gym,lift,security",3905690.92
3.0,1007.6,Pune,,,3632435.89
1.0,2385.6,Chennai,47.0,,7668833.71
6.0,1450.2,Delhi,5.0,"garden,pool",8289200.72
2.0,991.3,Hyderabad,21.0,,3347987.3
4.0,1409.5,Kolkata,4.0,garden,4612583.43
5.0,745.1,Hyderabad,55.0,"garden,gym,parking,pool",2775078.73
3.0,1877.0,Mumbai,11.0,"garden,gym,lift",11945796.88
6.0,902.5,Delhi,49.0,,4291266.31
1.0,1425.5,Chennai,11.0,"gym,lift",5216664.4
2.0,1679.7,Pune,19.0,"garden,parking,pool,security",7013513.89
2.0,1373.1,Ahmedabad,36.0,"gym,lift,security",4481289.03
1.0,1242.5,Ahmedabad,49.0,"gym,lift,pool,security",4614061.78
,1204.9,Chennai,10.0,"garden,gym,lift,parking",3732990.43
2.0,1174.6,Chennai,12.0,"gym,lift,security",5931310.69
5.0,940.5,Kolkata,52.0,"garden,lift,pool,security",2864985.0
2.0,997.7,Mumbai,,"gym,parking,pool",7331625.78
6.0,1865.8,Chennai,12.0,"garden,gym,parking",8231466.28
5.0,1151.2,Hyderabad,44.0,"garden,parking,security",3954813.33
6.0,846.4,Kolkata,5.0,"garden,gym,pool,security",2366027.38
1.0,967.7,Kolkata,52.0,"garden,lift,parking",2459180.57
6.0,1695.2,Pune,,"gym,parking,pool,security",6901613.22
4.0,1504.0,Pune,51.0,,6442279.19
6.0,1452.1,Pune,17.0,,5283487.99
3.0,1084.1,Chennai,6.0,pool,4591963.7
6.0,1458.0,Delhi,25.0,security,5218565.84
4.0,910.4,Bangalore,20.0,"garden,gym,lift,parking",4473233.35
1.0,1083.2,Pune,57.0,parking,4882907.56
3.0,1636.4,Chennai,37.0,"gym,pool",5793183.8
,1593.4,Delhi,56.0,,6898009.23
6.0,758.1,Ahmedabad,,"gym,parking",2180799.67
2.0,815.0,Ahmedabad,42.0,"garden,gym,lift,parking",1723113.92
2.0,1248.9,Pune,6.0,"garden,parking,pool",4625386.91
4.0,1976.8,Delhi,4.0,lift,12340551.23
3.0,,Ahmedabad,2.0,gym,1245592.62
1.0,1325.2,Delhi,35.0,"garden,gym,parking",6719307.17
5.0,580.8,Hyderabad,12.0,,1536238.52
6.0,914.6,Kolkata,59.0,"garden,gym,lift,security",2122150.63
5.0,1036.0,Chennai,7.0,"lift,security",4765385.48
4.0,1010.8,Delhi,56.0,"garden,lift,parking,pool",5727018.98
3.0,959.8,Mumbai,40.0,,4549368.14
4.0,1203.2,Bangalore,,,5390459.74
4.0,959.1,Pune,3.0,,3729565.99
1.0,541.9,Pune,23.0,"garden,gym,lift,parking",1698094.16
1.0,1550.9,Delhi,20.0,"garden,gym",6210926.83
2.0,1538.8,Delhi,18.0,"gym,lift,parking,security",8398568.62
3.0,1579.4,Pune,31.0,"garden,parking,pool,security",7374567.27
1.0,506.7,Delhi,7.0,,2750851.95
1.0,1334.5,Mumbai,7.0,"garden,gym,lift,pool",10679375.41
6.0,1504.2,Hyderabad,41.0,,4497811.78
3.0,736.0,Chennai,,"gym,lift,pool,security",2265669.43
4.0,1204.1,Delhi,16.0,"garden,parking,pool,security",6866090.78
4.0,1147.7,Delhi,55.0,,5276859.74
5.0,2029.0,Delhi,20.0,"parking,pool,security",11046613.88
5.0,2066.0,Bangalore,20.0,"garden,parking,pool,security",9898591.08
2.0,451.0,Mumbai,5.0,,1840743.3
6.0,2322.3,Mumbai,25.0,"gym,lift,pool,security",19053062.83
3.0,788.1,Bangalore,29.0,"garden,gym,pool",4050575.89
6.0,1641.3,Mumbai,39.0,"garden,gym,lift,security",8594456.57
3.0,1636.7,Bangalore,9.0,"lift,security",9028363.06
,751.9,Chennai,11.0,"gym,security",2743978.64
5.0,,Mumbai,25.0,"garden,lift,parking,pool",9031202.51
1.0,1151.6,Chennai,4.0,"garden,gym,lift,pool",4317591.98
,1449.4,Chennai,8.0,garden,6027809.17
1.0,1303.8,Chennai,,"lift,parking,pool,security",4384330.3
2.0,,Pune,,,5655874.9
4.0,1233.9,Kolkata,34.0,pool,4458455.73
6.0,1124.5,Mumbai,8.0,"garden,gym,lift",7417968.48
3.0,1693.2,Delhi,59.0,,8020661.43
1.0,1461.2,Bangalore,31.0,,7569806.88
2.0,1529.3,Pune,,"gym,pool",5241480.98
6.0,900.9,Kolkata,,"garden,security",2713219.03
5.0,729.6,Ahmedabad,34.0,"parking,pool",2242054.81
1.0,944.5,Chennai,4.0,,2884063.37
3.0,,Hyderabad,37.0,"garden,gym,lift,security",3929132.1
2.0,1553.8,Hyderabad,12.0,"gym,pool,security",5813411.99
2.0,1639.2,Mumbai,54.0,"garden,lift,parking,security",12133941.87
6.0,1130.2,Hyderabad,3.0,"gym,parking,pool",4997328.9
4.0,,Chennai,39.0,gym,6991320.57
2.0,1815.8,Delhi,8.0,"garden,security",8047543.18
4.0,1309.5,Kolkata,41.0,garden,3807695.76
3.0,830.1,Kolkata,29.0,pool,1843748.62
1.0,1908.9,Bangalore,58.0,security,9040880.74
3.0,1172.5,Ahmedabad,39.0,"garden,gym,pool",2904991.14
2.0,1256.8,Mumbai,22.0,,6194668.11
2.0,1047.2,Ahmedabad,,security,4392206.71
6.0,799.6,Kolkata,35.0,"garden,security",2700949.81
5.0,539.1,Delhi,26.0,,2692722.71
1.0,1484.8,Pune,,"garden,lift,pool,security",5597804.41
6.0,,Bangalore,34.0,"pool,security",3412182.26
4.0,2576.8,Kolkata,12.0,"garden,gym,security",9102942.96
6.0,711.3,Delhi,14.0,pool,3486390.76
5.0,634.2,Delhi,0.0,"garden,gym,pool,security",4691182.23
3.0,1429.6,Bangalore,22.0,,6467316.03
4.0,,Delhi,13.0,gym,10026702.67
4.0,1229.1,Bangalore,4.0,"gym,lift",5331286.77
5.0,1457.5,Chennai,26.0,lift,5234124.32
2.0,370.4,Pune,13.0,"parking,pool",1496087.14
2.0,895.1,Chennai,8.0,"garden,lift,parking",3356556.21
2.0,716.9,Delhi,28.0,garden,3177259.02
2.0,347.2,Delhi,3.0,"gym,security",2075363.99
1.0,1252.6,Ahmedabad,59.0,security,5071595.0
1.0,300.0,Bangalore,28.0,"garden,gym,parking,pool",1138502.26
6.0,605.0,Mumbai,59.0,"lift,parking",3814032.43
1.0,958.3,Hyderabad,52.0,,3620347.62
6.0,825.9,Mumbai,58.0,,5233192.7
1.0,1378.4,Bangalore,32.0,"garden,security",6368837.43
5.0,1337.5,Kolkata,25.0,"gym,lift,parking,security",4623268.77
2.0,1602.2,Bangalore,43.0,,7339929.52
4.0,1538.6,Pune,4.0,"garden,gym,lift,security",7579488.89
2.0,1713.4,Hyderabad,50.0,gym,7156708.44
3.0,1199.1,Bangalore,19.0,"lift,pool,security",6219225.9
3.0,1336.6,Pune,0.0,"garden,pool",6547202.26
4.0,1430.2,Chennai,14.0,,4801808.1
3.0,1263.7,Bangalore,14.0,"garden,pool",7343699.24
4.0,,Delhi,0.0,"garden,gym,lift,security",6882000.0
5.0,1050.4,Ahmedabad,40.0,,3475967.7
3.0,832.1,Delhi,5.0,"lift,parking,pool,security",4875533.18
3.0,1389.7,Ahmedabad,50.0,"gym,lift,security",5037229.3
1.0,1157.7,Hyderabad,27.0,gym,3835066.12
3.0,901.6,Ahmedabad,,,2807684.92
1.0,902.0,Bangalore,20.0,,4514366.22
2.0,655.3,Chennai,,parking,1900803.9
6.0,1640.5,Chennai,10.0,security,6510921.81
1.0,1235.4,Bangalore,38.0,"lift,pool",5102907.99
3.0,811.7,Delhi,42.0,"lift,pool",3723657.71
6.0,1563.8,Chennai,16.0,"lift,pool",5998803.96
,947.8,Pune,21.0,gym,3333788.62
1.0,567.1,Bangalore,56.0,"gym,pool",2448881.56
1.0,,Kolkata,51.0,"garden,parking,pool,security",5641802.53
,958.3,Pune,24.0,lift,3434731.16
4.0,1016.0,Delhi,14.0,"gym,lift,pool",6145828.65
6.0,1218.5,Ahmedabad,18.0,gym,3510072.12
2.0,1714.2,Mumbai,32.0,,14904694.21
1.0,1209.0,Pune,34.0,security,4716537.53
2.0,660.4,Hyderabad,11.0,"gym,pool",2131724.72
6.0,1444.7,Pune,3.0,"lift,security",5449512.06
1.0,981.8,Kolkata,29.0,,3350665.62
3.0,2049.6,Pune,47.0,"parking,pool",7957243.19
1.0,,Pune,9.0,"gym,parking,pool",4361493.41
1.0,300.0,Kolkata,24.0,,753545.78
6.0,1360.8,Pune,9.0,"garden,gym,lift",5600827.61
1.0,2075.1,Kolkata,14.0,,7203410.99
2.0,1909.2,Hyderabad,36.0,"garden,gym,lift,parking",9429633.83
6.0,,Delhi,17.0,"parking,pool,security",11759518.47
4.0,741.1,Delhi,15.0,"garden,gym",5894402.99
1.0,1610.5,Chennai,,"gym,pool",4440804.0
3.0,875.1,Chennai,10.0,"gym,lift",2809255.38
6.0,1300.9,Mumbai,11.0,security,7968974.0
3.0,627.2,Delhi,55.0,,3927889.37
4.0,910.0,Ahmedabad,,,3912008.77
,895.7,Pune,2.0,"garden,lift,parking,security",4928646.77
4.0,1604.3,Kolkata,,"lift,pool,security",4823028.42
2.0,1560.3,Delhi,33.0,,7072258.37
6.0,1324.6,Mumbai,15.0,"lift,pool",7567233.55
6.0,592.3,Bangalore,32.0,"lift,parking,security",2461809.69
1.0,,Kolkata,38.0,,3834741.37
5.0,864.2,Chennai,15.0,"lift,parking,pool",3238668.28
5.0,1591.4,Kolkata,48.0,pool,4865258.18
5.0,1730.2,Hyderabad,27.0,pool,7477463.26
3.0,,Hyderabad,57.0,"gym,lift,pool",4925143.57
3.0,860.2,Chennai,5.0,"garden,lift,pool,security",3458358.73
6.0,,Ahmedabad,19.0,,747830.62
1.0,404.9,Hyderabad,43.0,"garden,lift,security",1361775.65
5.0,1839.7,Chennai,53.0,"gym,lift,pool",6455037.62
6.0,1019.4,Ahmedabad,13.0,security,3281744.22
5.0,862.2,Bangalore,58.0,,3725166.69
3.0,1939.2,Kolkata,11.0,"parking,pool,security",6892883.63
4.0,1769.3,Chennai,24.0,"parking,pool",6299658.65
1.0,1211.0,Ahmedabad,18.0,lift,4291642.2
6.0,1068.0,Hyderabad,25.0,gym,3414437.67
3.0,1140.6,Pune,54.0,"lift,parking",4804472.13
,1302.2,Bangalore,43.0,parking,6245815.65
5.0,1920.0,Pune,47.0,"gym,pool,security",7438413.73
4.0,1390.1,Bangalore,15.0,garden,5989505.32
4.0,1526.7,Chennai,,"garden,gym,security",5457462.58
1.0,1726.2,Kolkata,26.0,parking,7079110.06
5.0,673.6,Hyderabad,39.0,"gym,lift",2257272.63
4.0,1539.7,Hyderabad,41.0,garden,5047848.5
5.0,1067.4,Bangalore,,"lift,parking",5991880.45
5.0,,Pune,36.0,,863078.28
2.0,300.0,Chennai,28.0,"gym,lift,parking",940983.16
2.0,741.8,Chennai,38.0,,2166866.22
6.0,1439.1,Mumbai,54.0,"parking,pool,security",11193658.0
4.0,1251.2,Mumbai,23.0,"garden,gym,lift,pool",7785118.22
3.0,1283.0,Mumbai,30.0,"garden,lift,parking,pool",10122648.93
2.0,2077.9,Kolkata,10.0,"garden,gym,parking,pool",6445220.62
4.0,628.9,Kolkata,21.0,"garden,lift,parking,pool",1988165.49
5.0,,Mumbai,46.0,"lift,pool",8986759.54
1.0,1337.0,Mumbai,38.0,"lift,parking,pool,security",9183165.33
4.0,868.7,Kolkata,12.0,"lift,pool",4035808.0
6.0,,Chennai,32.0,"gym,pool,security",4480322.86
2.0,480.0,Bangalore,48.0,security,1894064.69
2.0,1834.5,Chennai,7.0,,8701243.48
